2025-08-11 20:40:35.586 | INFO     | __main__:process_PR_entries:326 - ╭─────┬────────────────┬──────────────┬────────────────┬────────────────────────────┬───────────┬──────────────────────╮
│     │   Start Number │ First Name   │ Surname        │ Club                       │ PR_time   │ Name                 │
├─────┼────────────────┼──────────────┼────────────────┼────────────────────────────┼───────────┼──────────────────────┤
│   0 │              1 │ Ben          │ Hales          │ Danum Harriers RC          │ 21:45     │ ben hales            │
│   1 │              2 │ Greg         │ McEnaney       │ Danum Harriers RC          │ 18:45     │ greg mcenaney        │
│   2 │              3 │ Laura        │ Clark          │ Danum Harriers RC          │ 23:30     │ laura clark          │
│   3 │              4 │ Michael      │ Plant          │ Danum Harriers RC          │ 20:23     │ michael plant        │
│   4 │              5 │ Chris        │ Moult          │ Danum Harriers RC          │ 20:22     │ chris moult          │
│   5 │              7 │ Elizabeth    │ De'Lacey       │ Danum Harriers RC          │ 25:00     │ elizabeth de'lacey   │
│   6 │              8 │ Ben          │ Clark          │ Danum Harriers RC          │ 20:15     │ ben clark            │
│   7 │              9 │ Kelly        │ Tait-Nicholson │ Danum Harriers RC          │ 26:00     │ kelly tait-nicholson │
│   8 │             10 │ Steve        │ Kitchman       │ Danum Harriers RC          │ 24:31     │ steve kitchman       │
│   9 │             11 │ Martin       │ Phillips       │ Danum Harriers RC          │ 18:30     │ martin phillips      │
│  10 │             12 │ Laura        │ Hemstock       │ Danum Harriers RC          │ 21:18     │ laura hemstock       │
│  11 │             13 │ Ethan        │ Austen-Davies  │ Danum Harriers RC          │           │ ethan austen-davies  │
│  12 │             14 │ Laura        │ Rangeley       │ Steel City Striders RC     │ 24:59     │ laura rangeley       │
│  13 │             15 │ Darrel       │ Porter         │ Steel City Striders RC     │ 19:45     │ darrel porter        │
│  14 │             16 │ Shane        │ Kent           │ Dronfield RC               │ 22:00     │ shane kent           │
│  15 │             17 │ Luke         │ Burras         │ Steel City Striders RC     │ 21:00     │ luke burras          │
│  16 │             18 │ Alice        │ Taylor-Bennett │ Steel City Striders RC     │ 22:37     │ alice taylor-bennett │
│  17 │             19 │ James        │ Mason          │ Hillsborough & Rivelin RC  │ 22:45     │ james mason          │
│  18 │             20 │ Aaron        │ Francis        │ Sheffield RC               │ 17:00     │ aaron francis        │
│  19 │             21 │ Ryan         │ Timms          │ Hillsborough & Rivelin RC  │ 18:40     │ ryan timms           │
│  20 │             22 │ Will         │ Leaning        │ Steel City Striders RC     │           │ will leaning         │
│  21 │             23 │ James        │ Ellwood        │ Hillsborough & Rivelin RC  │ 22:30     │ james ellwood        │
│  22 │             24 │ Maxwell      │ Revitt         │ Hillsborough & Rivelin RC  │ 20:39     │ maxwell revitt       │
│  23 │             25 │ Richard      │ Johnson        │ Hillsborough & Rivelin RC  │ 19:12     │ richard johnson      │
│  24 │             26 │ Daniel       │ Abbott         │ Steel City Striders RC     │ 23:43     │ daniel abbott        │
│  25 │             27 │ Andrew       │ Staley         │ Hillsborough & Rivelin RC  │ 22:20     │ andrew staley        │
│  26 │             28 │ Ellie        │ McNally        │ Hillsborough & Rivelin RC  │ 18:45     │ ellie mcnally        │
│  27 │             29 │ Mark         │ Jones          │ Sheffield RC               │           │ mark jones           │
│  28 │             30 │ Peter        │ Hill           │ Hillsborough & Rivelin RC  │ 20:00     │ peter hill           │
│  29 │             31 │ Pat          │ Goodall        │ Totley AC                  │ 27:40     │ pat goodall          │
│  30 │             32 │ Nick         │ Hails          │ Hillsborough & Rivelin RC  │ 19:56     │ nick hails           │
│  31 │             33 │ Julia        │ Delaney        │ Dronfield RC               │           │ julia delaney        │
│  32 │             34 │ Mark         │ Stevenson      │ Dark Peak Fell Runners     │ 21:12     │ mark stevenson       │
│  33 │             35 │ Thomas       │ Moss           │ Dark Peak Fell Runners     │ 17:45     │ thomas moss          │
│  34 │             36 │ Mel          │ Corby          │ Dronfield RC               │           │ mel corby            │
│  35 │             37 │ Al           │ Cook           │ Steel City Striders RC     │ 20:22     │ al cook              │
│  36 │             38 │ Daniel       │ Ryan           │ Sheffield RC               │ 19:55     │ daniel ryan          │
│  37 │             39 │ Nick         │ Burns          │ Steel City Striders RC     │ 22:00     │ nick burns           │
│  38 │             40 │ Fran         │ Allen          │ Hillsborough & Rivelin RC  │ 22:45     │ fran allen           │
│  39 │             41 │ Georgiana    │ Swainson       │ Sheffield RC               │ 24:42     │ georgiana swainson   │
│  40 │             42 │ Keith        │ Swainson       │ Sheffield RC               │ 16:59     │ keith swainson       │
│  41 │             43 │ Jack         │ Swindells      │ Hillsborough & Rivelin RC  │ 19:50     │ jack swindells       │
│  42 │             44 │ Charles      │ Benkowitz      │ Hillsborough & Rivelin RC  │ 19:25     │ charles benkowitz    │
│  43 │             45 │ Eric         │ Latham         │ Steel City Striders RC     │ 24:43     │ eric latham          │
│  44 │             46 │ Andrew       │ Lewis          │ Handsworth Roadhogs        │ 28:00     │ andrew lewis         │
│  45 │             47 │ Keith        │ Holmes         │ Dark Peak Fell runners     │           │ keith holmes         │
│  46 │             48 │ Amy          │ Willoughby     │ Hillsborough & Rivelin RC  │ 29:00     │ amy willoughby       │
│  47 │             49 │ Steve        │ Smith          │ Hillsborough & Rivelin RC  │ 20:34     │ steve smith          │
│  48 │             50 │ Holly        │ Phipps         │ Hillsborough & Rivelin RC  │ 20:50     │ holly phipps         │
│  49 │             51 │ Hal          │ Roberts        │ Dark Peak Fell Runners     │ 17:50     │ hal roberts          │
│  50 │             52 │ Helen        │ Roberts        │ Dark Peak Fell Runners     │ 20:31     │ helen roberts        │
│  51 │             53 │ Joseph       │ Harding        │ Hillsborough & Rivelin RC  │ 16:30     │ joseph harding       │
│  52 │             54 │ Rachel       │ Smith          │ Sheffield RC               │ 27:07     │ rachel smith         │
│  53 │             55 │ Michael      │ Raynor         │ Steel City Striders RC     │           │ michael raynor       │
│  54 │             56 │ Gregg        │ Lant           │ Hillsborough & Rivelin RC  │ 23:00     │ gregg lant           │
│  55 │             57 │ Tracey       │ Shaw           │ Handsworth Roadhogs        │ 31:30     │ tracey shaw          │
│  56 │             58 │ Elliott      │ King           │ Dark Peak Fell Runners     │ 20:15     │ elliott king         │
│  57 │             59 │ David        │ Langford       │ Danum Harriers RC          │ 20:20     │ david langford       │
│  58 │             60 │ Ben          │ Allen          │ Handsworth Roadhogs        │ 22:08     │ ben allen            │
│  59 │             61 │ Stephen      │ Davison        │ Sheffield RC               │ 20:54     │ stephen davison      │
│  60 │             62 │ Brian        │ Noble          │ Dark Peak Fell Runners     │ 24:10     │ brian noble          │
│  61 │             63 │ Laurence     │ Baxter         │ Dark Peak Fell Runners     │ 17:30     │ laurence baxter      │
│  62 │             64 │ Derek        │ Brailsford     │ Hallamshire Harriers       │           │ derek brailsford     │
│  63 │             65 │ Rob          │ Hale           │ Steel City Striders RC     │ 21:00     │ rob hale             │
│  64 │             66 │ Helen        │ Young          │ Totley AC                  │ 27:00     │ helen young          │
│  65 │             67 │ Tak Cheung   │ Wong           │ Hillsborough & Rivelin RC  │           │ tak cheung wong      │
│  66 │             68 │ Lauren       │ Wilson         │ Peak Fell and Trail Crew   │ 21:00     │ lauren wilson        │
│  67 │             69 │ Christopher  │ Moss           │ Sheffield RC               │ 18:04     │ christopher moss     │
│  68 │             70 │ Helen        │ Elleker        │ Totley AC                  │ 29:52     │ helen elleker        │
│  69 │             71 │ James        │ Thompson       │ Sheffield RC               │ 20:08     │ james thompson       │
│  70 │             72 │ Tom          │ Hughes         │ Totley AC                  │ 17:30     │ tom hughes           │
│  71 │             73 │ Rebecca      │ Ward           │ Hallamshire Harriers       │ 19:30     │ rebecca ward         │
│  72 │             74 │ Scott        │ Storey         │ Hillsborough & Rivelin RC  │ 30:03     │ scott storey         │
│  73 │             75 │ Jane         │ Cockerton      │ Penistone Footpath Runners │ 30:11     │ jane cockerton       │
│  74 │             76 │ Benjamin     │ Stevens        │ Dark Peak Fell Runners     │ 17:58     │ benjamin stevens     │
│  75 │             77 │ Daniel       │ Hartmann       │ Hillsborough & Rivelin RC  │ 18:55     │ daniel hartmann      │
│  76 │             78 │ Alison       │ Noble          │ Kingstone Runners Barnsley │ 27:00     │ alison noble         │
│  77 │             79 │ Andrew       │ Horsfall       │ Handsworth Roadhogs        │ 25:01     │ andrew horsfall      │
│  78 │             80 │ Jim          │ Danson         │ Steel City Striders RC     │ 22:00     │ jim danson           │
│  79 │             81 │ James        │ Hickson        │ Peak Fell and Trail Crew   │ 22:56     │ james hickson        │
│  80 │             82 │ Will         │ Carter         │ Dark Peak Fell Runners     │ 17:45     │ will carter          │
│  81 │             83 │ Ian          │ Stinson        │ Steel City Striders RC     │ 21:00     │ ian stinson          │
│  82 │             84 │ Joel         │ Paisley        │ Totley AC                  │           │ joel paisley         │
│  83 │             85 │ Ben          │ Burrell        │ Hillsborough & Rivelin RC  │ 19:00     │ ben burrell          │
│  84 │             86 │ Ellie        │ Crownshaw      │ Hallamshire Harriers       │ 22:39     │ ellie crownshaw      │
│  85 │             87 │ Evans        │ Sam            │ Totley AC                  │ 18:39     │ evans sam            │
│  86 │             88 │ Steve        │ Sansom         │ Valley Hill runners        │ 22:00     │ steve sansom         │
│  87 │             89 │ Rachel       │ Rose           │ Sheffield RC               │ 20:36     │ rachel rose          │
│  88 │             90 │ Mark         │ Gamsu          │ Dark Peak Fell Runners     │ 28:44     │ mark gamsu           │
│  89 │             91 │ Maddie       │ Stewart        │ Peak fell and trail crew   │ 24:00     │ maddie stewart       │
│  90 │             92 │ Jordan       │ Weddepohl      │ Peak fell and trail crew   │ 19:40     │ jordan  weddepohl    │
│  91 │             93 │ Edward       │ Cieslik        │ Dark Peak Fell Runners     │ 18:30     │ edward cieslik       │
│  92 │             94 │ Alison       │ Griffiths      │ Hillsborough & Rivelin RC  │ 23:15     │ alison griffiths     │
│  93 │             95 │ Chris        │ Horsfall       │ Handsworth Roadhogs        │ 24:48     │ chris horsfall       │
│  94 │             96 │ Ben          │ Jones          │ Steel City Striders RC     │ 18:30     │ ben jones            │
│  95 │             97 │ Simon        │ Rayner         │ Danum Harriers RC          │ 20:30     │ simon rayner         │
│  96 │             98 │ Kevin        │ Doyle          │ Kimberworth Striders       │ 21:14     │ kevin doyle          │
│  97 │             99 │ Andy         │ Waterhouse     │ Dark Peak Fell Runners     │ 18:00     │ andy waterhouse      │
│  98 │            100 │ George       │ Yates          │ Dark Peak Fell Runners     │ 21:00     │ george yates         │
│  99 │            101 │ David        │ Camus          │ Dark Peak Fell Runners     │ 21:00     │ david camus          │
│ 100 │            102 │ Nicola       │ Squires        │ Hallamshire Harriers       │           │ nicola squires       │
│ 101 │            103 │ Hugh         │ Woolacott      │ Dark Peak Fell Runners     │ 19:30     │ hugh woolacott       │
╰─────┴────────────────┴──────────────┴────────────────┴────────────────────────────┴───────────┴──────────────────────╯
2025-08-11 20:40:35.602 | INFO     | __main__:process_entries:169 - Processing entry for ben hales
2025-08-11 20:40:36.465 | INFO     | __main__:process_entries:175 - PR time for ben hales: 00:30:27
2025-08-11 20:40:36.486 | WARNING  | fellpace.extract.racers:secure_racer_id:97 - Racer ben hales not found in database.
2025-08-11 20:40:36.487 | INFO     | fellpace.extract.racers:secure_racer_id:98 - Looking for similar names...
2025-08-11 20:40:36.965 | INFO     | fellpace.extract.racers:secure_racer_id:104 - 0: Ben Eaves
2025-08-11 20:40:36.967 | INFO     | fellpace.extract.racers:secure_racer_id:104 - 1: Ben Giles
2025-08-11 20:40:36.967 | INFO     | fellpace.extract.racers:secure_racer_id:104 - 2: Ben Hall
2025-08-11 20:40:36.967 | INFO     | fellpace.extract.racers:secure_racer_id:104 - 3: Ben Hayes
2025-08-11 20:40:36.967 | INFO     | fellpace.extract.racers:secure_racer_id:104 - 4: Ben Holmes
2025-08-11 20:40:36.969 | INFO     | fellpace.extract.racers:secure_racer_id:104 - 5: Ben Wales
2025-08-11 20:40:36.971 | INFO     | fellpace.extract.racers:secure_racer_id:104 - 6: Ben Yates
2025-08-11 20:40:36.971 | INFO     | fellpace.extract.racers:secure_racer_id:105 - 7: None of these are correct
2025-08-11 20:40:40.245 | INFO     | fellpace.extract.racers:secure_racer_id:108 - No name selected, exiting.
2025-08-11 20:40:40.247 | WARNING  | __main__:process_entries:182 - Racer None not found in database.
2025-08-11 20:40:40.249 | WARNING  | __main__:process_entries:191 - Creating blank entry for None as racer not found.
2025-08-11 20:40:40.251 | INFO     | __main__:process_entries:169 - Processing entry for greg mcenaney
2025-08-11 20:40:40.983 | INFO     | __main__:process_entries:175 - PR time for greg mcenaney: 00:26:34
2025-08-11 20:40:41.064 | WARNING  | __main__:process_results_for_racer:144 - None has no chase results.
2025-08-11 20:40:41.065 | WARNING  | fellpace.analysis_tools:identify_outliers_in_predictions:65 - Not enough data to identify outliers.
2025-08-11 20:40:41.070 | INFO     | __main__:process_entries:205 - Including 1 in calculation:
 ╭────┬────────────┬───────────────┬─────────────────────────┬──────────┬──────────┬────────────┬─────────────┬───────────┬───────────╮
│    │   Racer_ID │ Racer_Name    │ Race_Name               │   Season │   ZScore │   Zpred_mu │   Zpred_sig │ outlier   │ include   │
├────┼────────────┼───────────────┼─────────────────────────┼──────────┼──────────┼────────────┼─────────────┼───────────┼───────────┤
│  0 │      61414 │ Greg Mcenaney │ Sheffield Half Marathon │     2023 │ -2.12231 │   -1.18482 │   0.0694965 │ False     │ True      │
╰────┴────────────┴───────────────┴─────────────────────────┴──────────┴──────────┴────────────┴─────────────┴───────────┴───────────╯
2025-08-11 20:40:41.086 | INFO     | __main__:process_entries:169 - Processing entry for laura clark
2025-08-11 20:40:41.807 | INFO     | __main__:process_entries:175 - PR time for laura clark: 00:32:34
2025-08-11 20:40:41.879 | WARNING  | __main__:process_results_for_racer:144 - None has no chase results.
2025-08-11 20:40:41.896 | INFO     | __main__:process_entries:205 - Including 8 in calculation:
 ╭────┬────────────┬──────────────┬─────────────────┬──────────┬──────────┬────────────┬─────────────┬───────────┬───────────╮
│    │   Racer_ID │ Racer_Name   │ Race_Name       │   Season │   ZScore │   Zpred_mu │   Zpred_sig │ outlier   │ include   │
├────┼────────────┼──────────────┼─────────────────┼──────────┼──────────┼────────────┼─────────────┼───────────┼───────────┤
│  0 │       4324 │ Laura Clark  │ PR_Endcliffe    │     2021 │ 1.18164  │    2.56058 │   0.134591  │ False     │ True      │
│  1 │       4324 │ Laura Clark  │ PR_Endcliffe    │     2022 │ 1.31138  │    2.70944 │   0.141479  │ False     │ True      │
│  2 │       4324 │ Laura Clark  │ PR_Hillsborough │     2019 │ 0.549752 │    1.85001 │   0.0899792 │ False     │ True      │
│  3 │       4324 │ Laura Clark  │ PR_Hillsborough │     2022 │ 1.20116  │    2.62899 │   0.119931  │ False     │ True      │
│  4 │       4324 │ Laura Clark  │ PR_Hillsborough │     2023 │ 1.14218  │    2.55845 │   0.117174  │ False     │ True      │
│  5 │       4324 │ Laura Clark  │ PR_Hillsborough │     2024 │ 1.33944  │    2.79435 │   0.126418  │ False     │ True      │
│  6 │       4324 │ Laura Clark  │ Percy Pud       │     2019 │ 1.90972  │    3.38206 │   0.152174  │ True      │ False     │
│  7 │       4324 │ Laura Clark  │ Percy Pud       │     2022 │ 2.05379  │    3.55757 │   0.159252  │ True      │ False     │
╰────┴────────────┴──────────────┴─────────────────┴──────────┴──────────┴────────────┴─────────────┴───────────┴───────────╯
2025-08-11 20:40:41.899 | INFO     | __main__:process_entries:209 - Excluded results:
 ╭────┬────────────┬──────────────┬─────────────┬──────────┬──────────┬────────────┬─────────────┬───────────┬───────────╮
│    │   Racer_ID │ Racer_Name   │ Race_Name   │   Season │   ZScore │   Zpred_mu │   Zpred_sig │ outlier   │ include   │
├────┼────────────┼──────────────┼─────────────┼──────────┼──────────┼────────────┼─────────────┼───────────┼───────────┤
│  6 │       4324 │ Laura Clark  │ Percy Pud   │     2019 │  1.90972 │    3.38206 │    0.152174 │ True      │ False     │
│  7 │       4324 │ Laura Clark  │ Percy Pud   │     2022 │  2.05379 │    3.55757 │    0.159252 │ True      │ False     │
╰────┴────────────┴──────────────┴─────────────┴──────────┴──────────┴────────────┴─────────────┴───────────┴───────────╯
2025-08-11 20:40:41.910 | INFO     | __main__:process_entries:169 - Processing entry for michael plant
2025-08-11 20:40:42.621 | INFO     | __main__:process_entries:175 - PR time for michael plant: 00:28:43
2025-08-11 20:40:42.686 | WARNING  | __main__:process_results_for_racer:144 - None has no chase results.
2025-08-11 20:40:42.686 | WARNING  | fellpace.analysis_tools:identify_outliers_in_predictions:65 - Not enough data to identify outliers.
2025-08-11 20:40:42.688 | INFO     | __main__:process_entries:205 - Including 1 in calculation:
 ╭────┬────────────┬───────────────┬─────────────────┬──────────┬──────────┬────────────┬─────────────┬───────────┬───────────╮
│    │   Racer_ID │ Racer_Name    │ Race_Name       │   Season │   ZScore │   Zpred_mu │   Zpred_sig │ outlier   │ include   │
├────┼────────────┼───────────────┼─────────────────┼──────────┼──────────┼────────────┼─────────────┼───────────┼───────────┤
│  0 │      43359 │ Michael Plant │ PR_Hillsborough │     2023 │ -1.27145 │   -0.32786 │   0.0372741 │ False     │ True      │
╰────┴────────────┴───────────────┴─────────────────┴──────────┴──────────┴────────────┴─────────────┴───────────┴───────────╯
2025-08-11 20:40:42.702 | INFO     | __main__:process_entries:169 - Processing entry for chris moult
2025-08-11 20:40:43.424 | INFO     | __main__:process_entries:175 - PR time for chris moult: 00:28:41
2025-08-11 20:40:43.487 | WARNING  | __main__:process_results_for_racer:144 - None has no chase results.
2025-08-11 20:40:43.487 | WARNING  | fellpace.analysis_tools:identify_outliers_in_predictions:65 - Not enough data to identify outliers.
2025-08-11 20:40:43.490 | INFO     | __main__:process_entries:205 - Including 1 in calculation:
 ╭────┬────────────┬──────────────┬─────────────────┬──────────┬──────────┬────────────┬─────────────┬───────────┬───────────╮
│    │   Racer_ID │ Racer_Name   │ Race_Name       │   Season │   ZScore │   Zpred_mu │   Zpred_sig │ outlier   │ include   │
├────┼────────────┼──────────────┼─────────────────┼──────────┼──────────┼────────────┼─────────────┼───────────┼───────────┤
│  0 │      43137 │ Chris Moult  │ PR_Hillsborough │     2023 │ -1.46205 │  -0.555789 │   0.0401632 │ False     │ True      │
╰────┴────────────┴──────────────┴─────────────────┴──────────┴──────────┴────────────┴─────────────┴───────────┴───────────╯
2025-08-11 20:40:43.498 | INFO     | __main__:process_entries:169 - Processing entry for elizabeth de'lacey
2025-08-11 20:40:44.213 | INFO     | __main__:process_entries:175 - PR time for elizabeth de'lacey: 00:34:18
2025-08-11 20:40:44.233 | WARNING  | fellpace.extract.racers:secure_racer_id:97 - Racer elizabeth de'lacey not found in database.
2025-08-11 20:40:44.233 | INFO     | fellpace.extract.racers:secure_racer_id:98 - Looking for similar names...
2025-08-11 20:40:44.622 | INFO     | fellpace.extract.racers:secure_racer_id:101 - No similar names found.
2025-08-11 20:40:44.622 | WARNING  | __main__:process_entries:182 - Racer None not found in database.
2025-08-11 20:40:44.626 | WARNING  | __main__:process_entries:191 - Creating blank entry for None as racer not found.
2025-08-11 20:40:44.626 | INFO     | __main__:process_entries:169 - Processing entry for ben clark
2025-08-11 20:40:45.350 | INFO     | __main__:process_entries:175 - PR time for ben clark: 00:28:32
2025-08-11 20:40:45.413 | WARNING  | __main__:process_results_for_racer:144 - None has no chase results.
2025-08-11 20:40:45.413 | WARNING  | fellpace.analysis_tools:identify_outliers_in_predictions:65 - Not enough data to identify outliers.
2025-08-11 20:40:45.417 | INFO     | __main__:process_entries:205 - Including 3 in calculation:
 ╭────┬────────────┬──────────────┬─────────────────┬──────────┬──────────┬────────────┬─────────────┬───────────┬───────────╮
│    │   Racer_ID │ Racer_Name   │ Race_Name       │   Season │   ZScore │   Zpred_mu │   Zpred_sig │ outlier   │ include   │
├────┼────────────┼──────────────┼─────────────────┼──────────┼──────────┼────────────┼─────────────┼───────────┼───────────┤
│  0 │      35105 │ Ben Clark    │ PR_Endcliffe    │     2023 │  1.84849 │   3.32568  │   0.170321  │ False     │ True      │
│  1 │      35105 │ Ben Clark    │ PR_Endcliffe    │     2024 │  1.15284 │   2.52754  │   0.133068  │ False     │ True      │
│  2 │      35105 │ Ben Clark    │ PR_Hillsborough │     2022 │ -1.54578 │  -0.655909 │   0.0420333 │ False     │ True      │
╰────┴────────────┴──────────────┴─────────────────┴──────────┴──────────┴────────────┴─────────────┴───────────┴───────────╯
2025-08-11 20:40:45.426 | INFO     | __main__:process_entries:169 - Processing entry for kelly tait-nicholson
2025-08-11 20:40:46.142 | INFO     | __main__:process_entries:175 - PR time for kelly tait-nicholson: 00:35:26
2025-08-11 20:40:46.161 | WARNING  | fellpace.extract.racers:secure_racer_id:97 - Racer kelly tait-nicholson not found in database.
2025-08-11 20:40:46.161 | INFO     | fellpace.extract.racers:secure_racer_id:98 - Looking for similar names...
2025-08-11 20:40:46.556 | INFO     | fellpace.extract.racers:secure_racer_id:101 - No similar names found.
2025-08-11 20:40:46.557 | WARNING  | __main__:process_entries:182 - Racer None not found in database.
2025-08-11 20:40:46.557 | WARNING  | __main__:process_entries:191 - Creating blank entry for None as racer not found.
2025-08-11 20:40:46.557 | INFO     | __main__:process_entries:169 - Processing entry for steve kitchman
2025-08-11 20:40:47.280 | INFO     | __main__:process_entries:175 - PR time for steve kitchman: 00:33:45
2025-08-11 20:40:47.298 | WARNING  | fellpace.extract.racers:secure_racer_id:97 - Racer steve kitchman not found in database.
2025-08-11 20:40:47.300 | INFO     | fellpace.extract.racers:secure_racer_id:98 - Looking for similar names...
2025-08-11 20:40:47.692 | INFO     | fellpace.extract.racers:secure_racer_id:101 - No similar names found.
2025-08-11 20:40:47.692 | WARNING  | __main__:process_entries:182 - Racer None not found in database.
2025-08-11 20:40:47.692 | WARNING  | __main__:process_entries:191 - Creating blank entry for None as racer not found.
2025-08-11 20:40:47.692 | INFO     | __main__:process_entries:169 - Processing entry for martin phillips
2025-08-11 20:40:48.424 | INFO     | __main__:process_entries:175 - PR time for martin phillips: 00:26:15
2025-08-11 20:40:48.444 | WARNING  | fellpace.extract.racers:secure_racer_id:97 - Racer martin phillips not found in database.
2025-08-11 20:40:48.444 | INFO     | fellpace.extract.racers:secure_racer_id:98 - Looking for similar names...
2025-08-11 20:40:48.846 | INFO     | fellpace.extract.racers:secure_racer_id:101 - No similar names found.
2025-08-11 20:40:48.846 | WARNING  | __main__:process_entries:182 - Racer None not found in database.
2025-08-11 20:40:48.846 | WARNING  | __main__:process_entries:191 - Creating blank entry for None as racer not found.
2025-08-11 20:40:48.850 | INFO     | __main__:process_entries:169 - Processing entry for laura hemstock
2025-08-11 20:40:49.564 | INFO     | __main__:process_entries:175 - PR time for laura hemstock: 00:29:53
2025-08-11 20:40:49.630 | WARNING  | __main__:process_results_for_racer:144 - None has no chase results.
2025-08-11 20:40:49.630 | WARNING  | fellpace.analysis_tools:identify_outliers_in_predictions:65 - Not enough data to identify outliers.
2025-08-11 20:40:49.633 | INFO     | __main__:process_entries:205 - Including 2 in calculation:
 ╭────┬────────────┬────────────────┬─────────────────────────┬──────────┬──────────┬────────────┬─────────────┬───────────┬───────────╮
│    │   Racer_ID │ Racer_Name     │ Race_Name               │   Season │   ZScore │   Zpred_mu │   Zpred_sig │ outlier   │ include   │
├────┼────────────┼────────────────┼─────────────────────────┼──────────┼──────────┼────────────┼─────────────┼───────────┼───────────┤
│  0 │      28144 │ Laura Hemstock │ PR_Endcliffe            │     2022 │ 0.154284 │   1.38185  │   0.0823179 │ False     │ True      │
│  1 │      28144 │ Laura Hemstock │ Sheffield Half Marathon │     2023 │ 0.197773 │   0.982022 │   0.0627745 │ False     │ True      │
╰────┴────────────┴────────────────┴─────────────────────────┴──────────┴──────────┴────────────┴─────────────┴───────────┴───────────╯
2025-08-11 20:40:49.641 | INFO     | __main__:process_entries:169 - Processing entry for ethan austen-davies
2025-08-11 20:40:49.660 | WARNING  | fellpace.extract.racers:secure_racer_id:97 - Racer ethan austen-davies not found in database.
2025-08-11 20:40:49.661 | INFO     | fellpace.extract.racers:secure_racer_id:98 - Looking for similar names...
2025-08-11 20:40:50.066 | INFO     | fellpace.extract.racers:secure_racer_id:101 - No similar names found.
2025-08-11 20:40:50.066 | WARNING  | __main__:process_entries:182 - Racer None not found in database.
2025-08-11 20:40:50.066 | WARNING  | __main__:process_entries:191 - Creating blank entry for None as racer not found.
2025-08-11 20:40:50.068 | INFO     | __main__:process_entries:169 - Processing entry for laura rangeley
2025-08-11 20:40:50.879 | INFO     | __main__:process_entries:175 - PR time for laura rangeley: 00:34:17
2025-08-11 20:40:50.995 | WARNING  | __main__:process_results_for_racer:144 - None has no chase results.
2025-08-11 20:40:51.001 | INFO     | __main__:process_entries:205 - Including 17 in calculation:
 ╭────┬────────────┬────────────────┬─────────────────────────┬──────────┬────────────┬────────────┬─────────────┬───────────┬───────────╮
│    │   Racer_ID │ Racer_Name     │ Race_Name               │   Season │     ZScore │   Zpred_mu │   Zpred_sig │ outlier   │ include   │
├────┼────────────┼────────────────┼─────────────────────────┼──────────┼────────────┼────────────┼─────────────┼───────────┼───────────┤
│  0 │        984 │ Laura Rangeley │ Grindleford             │     2022 │  0.617929  │   0.928488 │   0.068311  │ False     │ True      │
│  1 │        984 │ Laura Rangeley │ Grindleford             │     2024 │  0.281115  │   0.603969 │   0.0592343 │ False     │ True      │
│  2 │        984 │ Laura Rangeley │ Hathersage Gala         │     2023 │  0.949813  │   0.839263 │   0.0807411 │ False     │ True      │
│  3 │        984 │ Laura Rangeley │ PR_Endcliffe            │     2021 │  0.223262  │   1.461    │   0.0856195 │ False     │ False     │
│  4 │        984 │ Laura Rangeley │ PR_Endcliffe            │     2022 │  0.0604975 │   1.27425  │   0.077911  │ False     │ False     │
│  5 │        984 │ Laura Rangeley │ PR_Endcliffe            │     2023 │ -0.123571  │   1.06306  │   0.0696009 │ False     │ False     │
│  6 │        984 │ Laura Rangeley │ PR_Hillsborough         │     2019 │ -0.197646  │   0.956238 │   0.0583651 │ False     │ False     │
│  7 │        984 │ Laura Rangeley │ PR_Hillsborough         │     2021 │ -0.545794  │   0.539909 │   0.0462886 │ False     │ False     │
│  8 │        984 │ Laura Rangeley │ PR_Hillsborough         │     2022 │ -0.268     │   0.872106 │   0.0557126 │ False     │ False     │
│  9 │        984 │ Laura Rangeley │ PR_Hillsborough         │     2023 │ -0.415908  │   0.695232 │   0.0504551 │ False     │ False     │
│ 10 │        984 │ Laura Rangeley │ PR_Hillsborough         │     2024 │ -0.742861  │   0.304249 │   0.0410683 │ False     │ False     │
│ 11 │        984 │ Laura Rangeley │ Percy Pud               │     2018 │  1.03553   │   2.31711  │   0.109786  │ True      │ False     │
│ 12 │        984 │ Laura Rangeley │ Percy Pud               │     2021 │ -0.140715  │   0.884212 │   0.0571559 │ False     │ True      │
│ 13 │        984 │ Laura Rangeley │ Percy Pud               │     2022 │  0.299934  │   1.42101  │   0.0757052 │ False     │ True      │
│ 14 │        984 │ Laura Rangeley │ Sheffield Half Marathon │     2021 │  0.601762  │   1.35933  │   0.0773168 │ False     │ True      │
│ 15 │        984 │ Laura Rangeley │ Tiger's Trail           │     2021 │  1.39826   │   1.37116  │   0.0639218 │ False     │ True      │
│ 16 │        984 │ Laura Rangeley │ Totley Moor             │     2022 │  1.35362   │   1.20244  │   0.0464692 │ False     │ True      │
╰────┴────────────┴────────────────┴─────────────────────────┴──────────┴────────────┴────────────┴─────────────┴───────────┴───────────╯
2025-08-11 20:40:51.005 | INFO     | __main__:process_entries:209 - Excluded results:
 ╭────┬────────────┬────────────────┬─────────────────┬──────────┬────────────┬────────────┬─────────────┬───────────┬───────────╮
│    │   Racer_ID │ Racer_Name     │ Race_Name       │   Season │     ZScore │   Zpred_mu │   Zpred_sig │ outlier   │ include   │
├────┼────────────┼────────────────┼─────────────────┼──────────┼────────────┼────────────┼─────────────┼───────────┼───────────┤
│  3 │        984 │ Laura Rangeley │ PR_Endcliffe    │     2021 │  0.223262  │   1.461    │   0.0856195 │ False     │ False     │
│  4 │        984 │ Laura Rangeley │ PR_Endcliffe    │     2022 │  0.0604975 │   1.27425  │   0.077911  │ False     │ False     │
│  5 │        984 │ Laura Rangeley │ PR_Endcliffe    │     2023 │ -0.123571  │   1.06306  │   0.0696009 │ False     │ False     │
│  6 │        984 │ Laura Rangeley │ PR_Hillsborough │     2019 │ -0.197646  │   0.956238 │   0.0583651 │ False     │ False     │
│  7 │        984 │ Laura Rangeley │ PR_Hillsborough │     2021 │ -0.545794  │   0.539909 │   0.0462886 │ False     │ False     │
│  8 │        984 │ Laura Rangeley │ PR_Hillsborough │     2022 │ -0.268     │   0.872106 │   0.0557126 │ False     │ False     │
│  9 │        984 │ Laura Rangeley │ PR_Hillsborough │     2023 │ -0.415908  │   0.695232 │   0.0504551 │ False     │ False     │
│ 10 │        984 │ Laura Rangeley │ PR_Hillsborough │     2024 │ -0.742861  │   0.304249 │   0.0410683 │ False     │ False     │
│ 11 │        984 │ Laura Rangeley │ Percy Pud       │     2018 │  1.03553   │   2.31711  │   0.109786  │ True      │ False     │
╰────┴────────────┴────────────────┴─────────────────┴──────────┴────────────┴────────────┴─────────────┴───────────┴───────────╯
2025-08-11 20:40:51.018 | INFO     | __main__:process_entries:169 - Processing entry for darrel porter
2025-08-11 20:40:51.754 | INFO     | __main__:process_entries:175 - PR time for darrel porter: 00:27:53
2025-08-11 20:40:51.818 | WARNING  | __main__:process_results_for_racer:144 - None has no chase results.
2025-08-11 20:40:51.823 | INFO     | __main__:process_entries:205 - Including 4 in calculation:
 ╭────┬────────────┬───────────────┬──────────────────┬──────────┬───────────┬────────────┬─────────────┬───────────┬───────────╮
│    │   Racer_ID │ Racer_Name    │ Race_Name        │   Season │    ZScore │   Zpred_mu │   Zpred_sig │ outlier   │ include   │
├────┼────────────┼───────────────┼──────────────────┼──────────┼───────────┼────────────┼─────────────┼───────────┼───────────┤
│  0 │      63891 │ Darrel Porter │ Bamford Carnival │     2024 │ -1.11573  │  -0.99366  │   0.05483   │ False     │ True      │
│  1 │      63891 │ Darrel Porter │ Grindleford      │     2024 │ -1.22869  │  -0.850723 │   0.0610936 │ False     │ True      │
│  2 │      63891 │ Darrel Porter │ Tigger Tor       │     2024 │ -0.927733 │  -0.983692 │   0.040165  │ False     │ True      │
│  3 │      63891 │ Darrel Porter │ Totley Moor      │     2023 │ -0.772613 │  -0.76187  │   0.0238257 │ False     │ True      │
╰────┴────────────┴───────────────┴──────────────────┴──────────┴───────────┴────────────┴─────────────┴───────────┴───────────╯
2025-08-11 20:40:51.832 | INFO     | __main__:process_entries:169 - Processing entry for shane kent
2025-08-11 20:40:52.566 | INFO     | __main__:process_entries:175 - PR time for shane kent: 00:30:45
2025-08-11 20:40:52.634 | WARNING  | __main__:process_results_for_racer:144 - None has no chase results.
2025-08-11 20:40:52.638 | INFO     | __main__:process_entries:205 - Including 8 in calculation:
 ╭────┬────────────┬──────────────┬──────────────────┬──────────┬───────────┬────────────┬─────────────┬───────────┬───────────╮
│    │   Racer_ID │ Racer_Name   │ Race_Name        │   Season │    ZScore │   Zpred_mu │   Zpred_sig │ outlier   │ include   │
├────┼────────────┼──────────────┼──────────────────┼──────────┼───────────┼────────────┼─────────────┼───────────┼───────────┤
│  0 │        658 │ Shane Kent   │ Bamford Carnival │     2023 │ -0.555013 │  -0.409548 │   0.0422724 │ False     │ True      │
│  1 │        658 │ Shane Kent   │ Grindleford      │     2022 │ -1.01606  │  -0.645855 │   0.0562619 │ False     │ True      │
│  2 │        658 │ Shane Kent   │ Grindleford      │     2023 │ -0.894202 │  -0.528445 │   0.0540331 │ False     │ True      │
│  3 │        658 │ Shane Kent   │ Percy Pud        │     2018 │ -1.17753  │  -0.378837 │   0.0371048 │ False     │ True      │
│  4 │        658 │ Shane Kent   │ Tiger's Trail    │     2021 │ -0.964723 │  -0.740787 │   0.0413118 │ False     │ True      │
│  5 │        658 │ Shane Kent   │ Tiger's Trail    │     2022 │ -0.660345 │  -0.468744 │   0.035356  │ False     │ True      │
│  6 │        658 │ Shane Kent   │ Totley Moor      │     2021 │ -0.511472 │  -0.520616 │   0.0212284 │ False     │ True      │
│  7 │        658 │ Shane Kent   │ Wolf's Pit       │     2022 │ -0.140153 │  -0.268956 │   0.0548514 │ False     │ True      │
╰────┴────────────┴──────────────┴──────────────────┴──────────┴───────────┴────────────┴─────────────┴───────────┴───────────╯
2025-08-11 20:40:52.650 | INFO     | __main__:process_entries:169 - Processing entry for luke burras
2025-08-11 20:40:53.379 | INFO     | __main__:process_entries:175 - PR time for luke burras: 00:29:30
2025-08-11 20:40:53.399 | WARNING  | fellpace.extract.racers:secure_racer_id:97 - Racer luke burras not found in database.
2025-08-11 20:40:53.401 | INFO     | fellpace.extract.racers:secure_racer_id:98 - Looking for similar names...
2025-08-11 20:40:53.797 | INFO     | fellpace.extract.racers:secure_racer_id:101 - No similar names found.
2025-08-11 20:40:53.797 | WARNING  | __main__:process_entries:182 - Racer None not found in database.
2025-08-11 20:40:53.797 | WARNING  | __main__:process_entries:191 - Creating blank entry for None as racer not found.
2025-08-11 20:40:53.799 | INFO     | __main__:process_entries:169 - Processing entry for alice taylor-bennett
2025-08-11 20:40:54.563 | INFO     | __main__:process_entries:175 - PR time for alice taylor-bennett: 00:31:31
2025-08-11 20:40:54.626 | WARNING  | __main__:process_results_for_racer:144 - None has no chase results.
2025-08-11 20:40:54.627 | WARNING  | fellpace.analysis_tools:identify_outliers_in_predictions:65 - Not enough data to identify outliers.
2025-08-11 20:40:54.631 | INFO     | __main__:process_entries:205 - Including 2 in calculation:
 ╭────┬────────────┬──────────────────────┬──────────────┬──────────┬───────────┬────────────┬─────────────┬───────────┬───────────╮
│    │   Racer_ID │ Racer_Name           │ Race_Name    │   Season │    ZScore │   Zpred_mu │   Zpred_sig │ outlier   │ include   │
├────┼────────────┼──────────────────────┼──────────────┼──────────┼───────────┼────────────┼─────────────┼───────────┼───────────┤
│  0 │      64187 │ Alice Taylor-Bennett │ PR_Endcliffe │     2024 │ -0.730347 │   0.366884 │   0.0480074 │ False     │ True      │
│  1 │      64187 │ Alice Taylor-Bennett │ Percy Pud    │     2024 │ -0.606446 │   0.316856 │   0.0417032 │ False     │ True      │
╰────┴────────────┴──────────────────────┴──────────────┴──────────┴───────────┴────────────┴─────────────┴───────────┴───────────╯
2025-08-11 20:40:54.643 | INFO     | __main__:process_entries:169 - Processing entry for james mason
2025-08-11 20:40:55.398 | INFO     | __main__:process_entries:175 - PR time for james mason: 00:31:41
2025-08-11 20:40:55.490 | INFO     | __main__:process_entries:205 - Including 18 in calculation:
 ╭────┬────────────┬──────────────┬─────────────────────────┬──────────┬────────────┬─────────────┬─────────────┬───────────┬───────────╮
│    │   Racer_ID │ Racer_Name   │ Race_Name               │   Season │     ZScore │    Zpred_mu │   Zpred_sig │ outlier   │ include   │
├────┼────────────┼──────────────┼─────────────────────────┼──────────┼────────────┼─────────────┼─────────────┼───────────┼───────────┤
│  0 │       2289 │ James Mason  │ Bamford Carnival        │     2021 │ -0.0557442 │  0.110549   │   0.0475531 │ False     │ True      │
│  1 │       2289 │ James Mason  │ PR_Hillsborough         │     2021 │ -1.08478   │ -0.104631   │   0.0366095 │ False     │ False     │
│  2 │       2289 │ James Mason  │ PR_Hillsborough         │     2022 │ -1.03998   │ -0.0510576  │   0.03679   │ False     │ False     │
│  3 │       2289 │ James Mason  │ PR_Hillsborough         │     2023 │ -1.23411   │ -0.283211   │   0.0369605 │ False     │ False     │
│  4 │       2289 │ James Mason  │ PR_Hillsborough         │     2024 │ -1.30212   │ -0.36454    │   0.0375968 │ False     │ False     │
│  5 │       2289 │ James Mason  │ Percy Pud               │     2017 │ -0.777496  │  0.108483   │   0.0381578 │ False     │ True      │
│  6 │       2289 │ James Mason  │ Percy Pud               │     2018 │ -0.704172  │  0.197806   │   0.0394855 │ False     │ True      │
│  7 │       2289 │ James Mason  │ Percy Pud               │     2019 │ -0.872369  │ -0.00709266 │   0.0369236 │ False     │ True      │
│  8 │       2289 │ James Mason  │ Percy Pud               │     2021 │ -0.979109  │ -0.137123   │   0.0362492 │ False     │ True      │
│  9 │       2289 │ James Mason  │ Percy Pud               │     2022 │ -0.761539  │  0.127921   │   0.0384203 │ False     │ True      │
│ 10 │       2289 │ James Mason  │ Percy Pud               │     2024 │ -0.667928  │  0.241959   │   0.0402517 │ False     │ True      │
│ 11 │       2289 │ James Mason  │ Sheffield Half Marathon │     2017 │ -0.544508  │  0.288768   │   0.0435002 │ False     │ True      │
│ 12 │       2289 │ James Mason  │ Sheffield Half Marathon │     2018 │ -0.609277  │  0.228277   │   0.0426339 │ False     │ True      │
│ 13 │       2289 │ James Mason  │ Sheffield Half Marathon │     2021 │ -0.143804  │  0.663006   │   0.0522054 │ False     │ True      │
│ 14 │       2289 │ James Mason  │ Sheffield Half Marathon │     2023 │ -0.994491  │ -0.131494   │   0.0414626 │ False     │ True      │
│ 15 │       2289 │ James Mason  │ Tigger Tor              │     2021 │  0.619735  │  0.269517   │   0.0507674 │ False     │ True      │
│ 16 │       2289 │ James Mason  │ Tigger Tor              │     2024 │  0.701807  │  0.335982   │   0.0531954 │ False     │ True      │
│ 17 │       2289 │ James Mason  │ Hallam Chase            │     2021 │  0.394538  │  0.394538   │   0.01      │ False     │ True      │
╰────┴────────────┴──────────────┴─────────────────────────┴──────────┴────────────┴─────────────┴─────────────┴───────────┴───────────╯
2025-08-11 20:40:55.493 | INFO     | __main__:process_entries:209 - Excluded results:
 ╭────┬────────────┬──────────────┬─────────────────┬──────────┬──────────┬────────────┬─────────────┬───────────┬───────────╮
│    │   Racer_ID │ Racer_Name   │ Race_Name       │   Season │   ZScore │   Zpred_mu │   Zpred_sig │ outlier   │ include   │
├────┼────────────┼──────────────┼─────────────────┼──────────┼──────────┼────────────┼─────────────┼───────────┼───────────┤
│  1 │       2289 │ James Mason  │ PR_Hillsborough │     2021 │ -1.08478 │ -0.104631  │   0.0366095 │ False     │ False     │
│  2 │       2289 │ James Mason  │ PR_Hillsborough │     2022 │ -1.03998 │ -0.0510576 │   0.03679   │ False     │ False     │
│  3 │       2289 │ James Mason  │ PR_Hillsborough │     2023 │ -1.23411 │ -0.283211  │   0.0369605 │ False     │ False     │
│  4 │       2289 │ James Mason  │ PR_Hillsborough │     2024 │ -1.30212 │ -0.36454   │   0.0375968 │ False     │ False     │
╰────┴────────────┴──────────────┴─────────────────┴──────────┴──────────┴────────────┴─────────────┴───────────┴───────────╯
2025-08-11 20:40:55.510 | INFO     | __main__:process_entries:169 - Processing entry for aaron francis
2025-08-11 20:40:56.248 | INFO     | __main__:process_entries:175 - PR time for aaron francis: 00:24:14
2025-08-11 20:40:56.374 | INFO     | __main__:process_entries:205 - Including 16 in calculation:
 ╭────┬────────────┬───────────────┬─────────────────────────┬──────────┬───────────┬────────────┬─────────────┬───────────┬───────────╮
│    │   Racer_ID │ Racer_Name    │ Race_Name               │   Season │    ZScore │   Zpred_mu │   Zpred_sig │ outlier   │ include   │
├────┼────────────┼───────────────┼─────────────────────────┼──────────┼───────────┼────────────┼─────────────┼───────────┼───────────┤
│  0 │       1270 │ Aaron Francis │ Bamford Carnival        │     2021 │ -1.08182  │  -0.958335 │   0.0536649 │ False     │ True      │
│  1 │       1270 │ Aaron Francis │ Bamford Carnival        │     2023 │ -1.34001  │  -1.2273   │   0.0633487 │ False     │ True      │
│  2 │       1270 │ Aaron Francis │ PR_Endcliffe            │     2022 │ -2.15123  │  -1.26335  │   0.0732914 │ False     │ False     │
│  3 │       1270 │ Aaron Francis │ PR_Endcliffe            │     2023 │ -2.29182  │  -1.42466  │   0.0797617 │ False     │ False     │
│  4 │       1270 │ Aaron Francis │ PR_Endcliffe            │     2024 │ -2.06778  │  -1.1676   │   0.0695868 │ False     │ False     │
│  5 │       1270 │ Aaron Francis │ PR_Hillsborough         │     2021 │ -2.2169   │  -1.45846  │   0.0649758 │ False     │ False     │
│  6 │       1270 │ Aaron Francis │ PR_Hillsborough         │     2022 │ -2.11489  │  -1.33648  │   0.060898  │ False     │ False     │
│  7 │       1270 │ Aaron Francis │ Percy Pud               │     2017 │ -1.40597  │  -0.657133 │   0.0412051 │ False     │ True      │
│  8 │       1270 │ Aaron Francis │ Percy Pud               │     2018 │ -1.47719  │  -0.743882 │   0.0430395 │ False     │ True      │
│  9 │       1270 │ Aaron Francis │ Percy Pud               │     2019 │ -1.57923  │  -0.868197 │   0.0460322 │ False     │ True      │
│ 10 │       1270 │ Aaron Francis │ Percy Pud               │     2021 │ -2.11338  │  -1.5189   │   0.0661919 │ False     │ True      │
│ 11 │       1270 │ Aaron Francis │ Percy Pud               │     2022 │ -2.11937  │  -1.52619  │   0.0664454 │ False     │ True      │
│ 12 │       1270 │ Aaron Francis │ Sheffield Half Marathon │     2017 │ -0.894132 │  -0.037764 │   0.0410837 │ True      │ False     │
│ 13 │       1270 │ Aaron Francis │ Sheffield Half Marathon │     2018 │ -1.46515  │  -0.571066 │   0.0490019 │ False     │ True      │
│ 14 │       1270 │ Aaron Francis │ Sheffield Half Marathon │     2021 │ -1.87296  │  -0.951945 │   0.0608749 │ False     │ True      │
│ 15 │       1270 │ Aaron Francis │ Hallam Chase            │     2021 │ -0.792427 │  -0.792427 │   0.01      │ False     │ True      │
╰────┴────────────┴───────────────┴─────────────────────────┴──────────┴───────────┴────────────┴─────────────┴───────────┴───────────╯
2025-08-11 20:40:56.378 | INFO     | __main__:process_entries:209 - Excluded results:
 ╭────┬────────────┬───────────────┬─────────────────────────┬──────────┬───────────┬────────────┬─────────────┬───────────┬───────────╮
│    │   Racer_ID │ Racer_Name    │ Race_Name               │   Season │    ZScore │   Zpred_mu │   Zpred_sig │ outlier   │ include   │
├────┼────────────┼───────────────┼─────────────────────────┼──────────┼───────────┼────────────┼─────────────┼───────────┼───────────┤
│  2 │       1270 │ Aaron Francis │ PR_Endcliffe            │     2022 │ -2.15123  │  -1.26335  │   0.0732914 │ False     │ False     │
│  3 │       1270 │ Aaron Francis │ PR_Endcliffe            │     2023 │ -2.29182  │  -1.42466  │   0.0797617 │ False     │ False     │
│  4 │       1270 │ Aaron Francis │ PR_Endcliffe            │     2024 │ -2.06778  │  -1.1676   │   0.0695868 │ False     │ False     │
│  5 │       1270 │ Aaron Francis │ PR_Hillsborough         │     2021 │ -2.2169   │  -1.45846  │   0.0649758 │ False     │ False     │
│  6 │       1270 │ Aaron Francis │ PR_Hillsborough         │     2022 │ -2.11489  │  -1.33648  │   0.060898  │ False     │ False     │
│ 12 │       1270 │ Aaron Francis │ Sheffield Half Marathon │     2017 │ -0.894132 │  -0.037764 │   0.0410837 │ True      │ False     │
╰────┴────────────┴───────────────┴─────────────────────────┴──────────┴───────────┴────────────┴─────────────┴───────────┴───────────╯
2025-08-11 20:40:56.389 | INFO     | __main__:process_entries:169 - Processing entry for ryan timms
2025-08-11 20:40:57.124 | INFO     | __main__:process_entries:175 - PR time for ryan timms: 00:26:28
2025-08-11 20:40:57.191 | WARNING  | __main__:process_results_for_racer:144 - None has no chase results.
2025-08-11 20:40:57.195 | INFO     | __main__:process_entries:205 - Including 5 in calculation:
 ╭────┬────────────┬──────────────┬─────────────────┬──────────┬───────────┬────────────┬─────────────┬───────────┬───────────╮
│    │   Racer_ID │ Racer_Name   │ Race_Name       │   Season │    ZScore │   Zpred_mu │   Zpred_sig │ outlier   │ include   │
├────┼────────────┼──────────────┼─────────────────┼──────────┼───────────┼────────────┼─────────────┼───────────┼───────────┤
│  0 │      44325 │ Ryan Timms   │ PR_Endcliffe    │     2024 │ -1.39322  │  -0.393655 │   0.046513  │ False     │ True      │
│  1 │      44325 │ Ryan Timms   │ PR_Hillsborough │     2023 │ -1.57973  │  -0.696513 │   0.042881  │ False     │ True      │
│  2 │      44325 │ Ryan Timms   │ PR_Hillsborough │     2024 │ -1.67217  │  -0.807053 │   0.0454198 │ False     │ True      │
│  3 │      44325 │ Ryan Timms   │ Percy Pud       │     2024 │ -1.10444  │  -0.289802 │   0.036473  │ False     │ True      │
│  4 │      44325 │ Ryan Timms   │ Tigger Tor      │     2024 │ -0.109938 │  -0.321405 │   0.0349946 │ False     │ True      │
╰────┴────────────┴──────────────┴─────────────────┴──────────┴───────────┴────────────┴─────────────┴───────────┴───────────╯
2025-08-11 20:40:57.208 | INFO     | __main__:process_entries:169 - Processing entry for will leaning
2025-08-11 20:40:57.276 | WARNING  | __main__:process_results_for_racer:144 - None has no chase results.
2025-08-11 20:40:57.277 | WARNING  | fellpace.analysis_tools:identify_outliers_in_predictions:65 - Not enough data to identify outliers.
2025-08-11 20:40:57.278 | INFO     | __main__:process_entries:205 - Including 3 in calculation:
 ╭────┬────────────┬──────────────┬─────────────────┬──────────┬───────────┬────────────┬─────────────┬───────────┬───────────╮
│    │   Racer_ID │ Racer_Name   │ Race_Name       │   Season │    ZScore │   Zpred_mu │   Zpred_sig │ outlier   │ include   │
├────┼────────────┼──────────────┼─────────────────┼──────────┼───────────┼────────────┼─────────────┼───────────┼───────────┤
│  0 │      35079 │ Will Leaning │ PR_Hillsborough │     2022 │ -1.60566  │  -0.727525 │   0.0435604 │ False     │ True      │
│  1 │      35079 │ Will Leaning │ PR_Hillsborough │     2024 │ -0.856181 │   0.168736 │   0.0388495 │ False     │ True      │
│  2 │      35079 │ Will Leaning │ Percy Pud       │     2024 │ -1.30237  │  -0.530926 │   0.0389775 │ False     │ True      │
╰────┴────────────┴──────────────┴─────────────────┴──────────┴───────────┴────────────┴─────────────┴───────────┴───────────╯
2025-08-11 20:40:57.288 | INFO     | __main__:process_entries:169 - Processing entry for james ellwood
2025-08-11 20:40:58.081 | INFO     | __main__:process_entries:175 - PR time for james ellwood: 00:31:22
2025-08-11 20:40:58.169 | WARNING  | __main__:process_results_for_racer:144 - None has no chase results.
2025-08-11 20:40:58.174 | INFO     | __main__:process_entries:205 - Including 16 in calculation:
 ╭────┬────────────┬───────────────┬──────────────────┬──────────┬───────────┬────────────┬─────────────┬───────────┬───────────╮
│    │   Racer_ID │ Racer_Name    │ Race_Name        │   Season │    ZScore │   Zpred_mu │   Zpred_sig │ outlier   │ include   │
├────┼────────────┼───────────────┼──────────────────┼──────────┼───────────┼────────────┼─────────────┼───────────┼───────────┤
│  0 │       3763 │ JAMES ELLWOOD │ Bamford Carnival │     2021 │ -0.063225 │  0.102756  │   0.047364  │ False     │ True      │
│  1 │       3763 │ JAMES ELLWOOD │ Bamford Carnival │     2022 │ -0.116343 │  0.0474224 │   0.0461017 │ False     │ True      │
│  2 │       3763 │ JAMES ELLWOOD │ Grindleford      │     2017 │ -0.362992 │ -0.0166255 │   0.0502148 │ False     │ True      │
│  3 │       3763 │ JAMES ELLWOOD │ Grindleford      │     2018 │ -0.36704  │ -0.0205256 │   0.0502037 │ False     │ True      │
│  4 │       3763 │ JAMES ELLWOOD │ Grindleford      │     2019 │ -0.367356 │ -0.0208302 │   0.0502029 │ False     │ True      │
│  5 │       3763 │ JAMES ELLWOOD │ Grindleford      │     2022 │ -0.325333 │  0.0196583 │   0.0503478 │ False     │ True      │
│  6 │       3763 │ JAMES ELLWOOD │ Hathersage Gala  │     2023 │  0.747267 │  0.656787  │   0.0732038 │ False     │ True      │
│  7 │       3763 │ JAMES ELLWOOD │ Hope Wakes       │     2018 │  0.138972 │ -0.0290782 │   0.0473684 │ False     │ True      │
│  8 │       3763 │ JAMES ELLWOOD │ Hope Wakes       │     2022 │  0.310197 │  0.108888  │   0.0441255 │ False     │ True      │
│  9 │       3763 │ JAMES ELLWOOD │ PR_Endcliffe     │     2021 │ -0.744497 │  0.350649  │   0.0476757 │ False     │ False     │
│ 10 │       3763 │ JAMES ELLWOOD │ PR_Endcliffe     │     2022 │ -0.695265 │  0.407134  │   0.0488752 │ False     │ False     │
│ 11 │       3763 │ JAMES ELLWOOD │ Percy Pud        │     2022 │  0.782065 │  2.00835   │   0.0977905 │ True      │ False     │
│ 12 │       3763 │ JAMES ELLWOOD │ Tiger's Trail    │     2021 │  0.138463 │  0.245202  │   0.0335399 │ False     │ True      │
│ 13 │       3763 │ JAMES ELLWOOD │ Tigger Tor       │     2016 │  0.516671 │  0.18605   │   0.0478442 │ False     │ True      │
│ 14 │       3763 │ JAMES ELLWOOD │ Tigger Tor       │     2018 │  0.694597 │  0.330143  │   0.0529789 │ False     │ True      │
│ 15 │       3763 │ JAMES ELLWOOD │ Totley Moor      │     2021 │  0.43832  │  0.356845  │   0.0276226 │ False     │ True      │
╰────┴────────────┴───────────────┴──────────────────┴──────────┴───────────┴────────────┴─────────────┴───────────┴───────────╯
2025-08-11 20:40:58.178 | INFO     | __main__:process_entries:209 - Excluded results:
 ╭────┬────────────┬───────────────┬──────────────┬──────────┬───────────┬────────────┬─────────────┬───────────┬───────────╮
│    │   Racer_ID │ Racer_Name    │ Race_Name    │   Season │    ZScore │   Zpred_mu │   Zpred_sig │ outlier   │ include   │
├────┼────────────┼───────────────┼──────────────┼──────────┼───────────┼────────────┼─────────────┼───────────┼───────────┤
│  9 │       3763 │ JAMES ELLWOOD │ PR_Endcliffe │     2021 │ -0.744497 │   0.350649 │   0.0476757 │ False     │ False     │
│ 10 │       3763 │ JAMES ELLWOOD │ PR_Endcliffe │     2022 │ -0.695265 │   0.407134 │   0.0488752 │ False     │ False     │
│ 11 │       3763 │ JAMES ELLWOOD │ Percy Pud    │     2022 │  0.782065 │   2.00835  │   0.0977905 │ True      │ False     │
╰────┴────────────┴───────────────┴──────────────┴──────────┴───────────┴────────────┴─────────────┴───────────┴───────────╯
2025-08-11 20:40:58.187 | INFO     | __main__:process_entries:169 - Processing entry for maxwell revitt
2025-08-11 20:40:58.916 | INFO     | __main__:process_entries:175 - PR time for maxwell revitt: 00:29:03
2025-08-11 20:40:58.980 | WARNING  | __main__:process_results_for_racer:144 - None has no chase results.
2025-08-11 20:40:58.981 | WARNING  | fellpace.analysis_tools:identify_outliers_in_predictions:65 - Not enough data to identify outliers.
2025-08-11 20:40:58.984 | INFO     | __main__:process_entries:205 - Including 1 in calculation:
 ╭────┬────────────┬────────────────┬─────────────────────────┬──────────┬───────────┬────────────┬─────────────┬───────────┬───────────╮
│    │   Racer_ID │ Racer_Name     │ Race_Name               │   Season │    ZScore │   Zpred_mu │   Zpred_sig │ outlier   │ include   │
├────┼────────────┼────────────────┼─────────────────────────┼──────────┼───────────┼────────────┼─────────────┼───────────┼───────────┤
│  0 │      61990 │ Maxwell Revitt │ Sheffield Half Marathon │     2023 │ -0.805259 │  0.0452389 │   0.0411542 │ False     │ True      │
╰────┴────────────┴────────────────┴─────────────────────────┴──────────┴───────────┴────────────┴─────────────┴───────────┴───────────╯
2025-08-11 20:40:58.995 | INFO     | __main__:process_entries:169 - Processing entry for richard johnson
2025-08-11 20:40:59.740 | INFO     | __main__:process_entries:175 - PR time for richard johnson: 00:27:10
2025-08-11 20:40:59.813 | INFO     | __main__:process_entries:205 - Including 6 in calculation:
 ╭────┬────────────┬─────────────────┬─────────────────────────┬──────────┬───────────┬────────────┬─────────────┬───────────┬───────────╮
│    │   Racer_ID │ Racer_Name      │ Race_Name               │   Season │    ZScore │   Zpred_mu │   Zpred_sig │ outlier   │ include   │
├────┼────────────┼─────────────────┼─────────────────────────┼──────────┼───────────┼────────────┼─────────────┼───────────┼───────────┤
│  0 │      35925 │ Richard Johnson │ PR_Hillsborough         │     2022 │  0.693181 │   2.02152  │   0.0964608 │ True      │ False     │
│  1 │      35925 │ Richard Johnson │ PR_Hillsborough         │     2023 │ -1.42493  │  -0.511397 │   0.0394431 │ False     │ False     │
│  2 │      35925 │ Richard Johnson │ PR_Hillsborough         │     2024 │ -1.691    │  -0.829577 │   0.0459749 │ False     │ False     │
│  3 │      35925 │ Richard Johnson │ Percy Pud               │     2024 │ -1.49329  │  -0.763499 │   0.0434848 │ False     │ True      │
│  4 │      35925 │ Richard Johnson │ Sheffield Half Marathon │     2023 │ -1.43861  │  -0.546277 │   0.0483657 │ False     │ True      │
│  5 │      35925 │ Richard Johnson │ Hallam Chase            │     2024 │ -0.460671 │  -0.460671 │   0.01      │ False     │ True      │
╰────┴────────────┴─────────────────┴─────────────────────────┴──────────┴───────────┴────────────┴─────────────┴───────────┴───────────╯
2025-08-11 20:40:59.815 | INFO     | __main__:process_entries:209 - Excluded results:
 ╭────┬────────────┬─────────────────┬─────────────────┬──────────┬───────────┬────────────┬─────────────┬───────────┬───────────╮
│    │   Racer_ID │ Racer_Name      │ Race_Name       │   Season │    ZScore │   Zpred_mu │   Zpred_sig │ outlier   │ include   │
├────┼────────────┼─────────────────┼─────────────────┼──────────┼───────────┼────────────┼─────────────┼───────────┼───────────┤
│  0 │      35925 │ Richard Johnson │ PR_Hillsborough │     2022 │  0.693181 │   2.02152  │   0.0964608 │ True      │ False     │
│  1 │      35925 │ Richard Johnson │ PR_Hillsborough │     2023 │ -1.42493  │  -0.511397 │   0.0394431 │ False     │ False     │
│  2 │      35925 │ Richard Johnson │ PR_Hillsborough │     2024 │ -1.691    │  -0.829577 │   0.0459749 │ False     │ False     │
╰────┴────────────┴─────────────────┴─────────────────┴──────────┴───────────┴────────────┴─────────────┴───────────┴───────────╯
2025-08-11 20:40:59.827 | INFO     | __main__:process_entries:169 - Processing entry for daniel abbott
2025-08-11 20:41:00.577 | INFO     | __main__:process_entries:175 - PR time for daniel abbott: 00:32:50
2025-08-11 20:41:00.645 | WARNING  | __main__:process_results_for_racer:144 - None has no chase results.
2025-08-11 20:41:00.650 | INFO     | __main__:process_entries:205 - Including 5 in calculation:
 ╭────┬────────────┬───────────────┬─────────────────────────┬──────────┬───────────┬────────────┬─────────────┬───────────┬───────────╮
│    │   Racer_ID │ Racer_Name    │ Race_Name               │   Season │    ZScore │   Zpred_mu │   Zpred_sig │ outlier   │ include   │
├────┼────────────┼───────────────┼─────────────────────────┼──────────┼───────────┼────────────┼─────────────┼───────────┼───────────┤
│  0 │        661 │ Daniel Abbott │ Grindleford             │     2024 │ -0.847598 │  -0.483541 │   0.0532992 │ False     │ True      │
│  1 │        661 │ Daniel Abbott │ Sheffield Half Marathon │     2018 │ -0.642219 │   0.19751  │   0.0422624 │ True      │ False     │
│  2 │        661 │ Daniel Abbott │ Sheffield Half Marathon │     2021 │ -1.07288  │  -0.204709 │   0.0420892 │ False     │ True      │
│  3 │        661 │ Daniel Abbott │ Tiger's Trail           │     2022 │ -0.594642 │  -0.410021 │   0.0343671 │ False     │ True      │
│  4 │        661 │ Daniel Abbott │ Totley Moor             │     2022 │ -0.518648 │  -0.527246 │   0.0212766 │ False     │ True      │
╰────┴────────────┴───────────────┴─────────────────────────┴──────────┴───────────┴────────────┴─────────────┴───────────┴───────────╯
2025-08-11 20:41:00.652 | INFO     | __main__:process_entries:209 - Excluded results:
 ╭────┬────────────┬───────────────┬─────────────────────────┬──────────┬───────────┬────────────┬─────────────┬───────────┬───────────╮
│    │   Racer_ID │ Racer_Name    │ Race_Name               │   Season │    ZScore │   Zpred_mu │   Zpred_sig │ outlier   │ include   │
├────┼────────────┼───────────────┼─────────────────────────┼──────────┼───────────┼────────────┼─────────────┼───────────┼───────────┤
│  1 │        661 │ Daniel Abbott │ Sheffield Half Marathon │     2018 │ -0.642219 │    0.19751 │   0.0422624 │ True      │ False     │
╰────┴────────────┴───────────────┴─────────────────────────┴──────────┴───────────┴────────────┴─────────────┴───────────┴───────────╯
2025-08-11 20:41:00.663 | INFO     | __main__:process_entries:169 - Processing entry for andrew staley
2025-08-11 20:41:01.432 | INFO     | __main__:process_entries:175 - PR time for andrew staley: 00:31:10
2025-08-11 20:41:01.502 | WARNING  | __main__:process_results_for_racer:144 - None has no chase results.
2025-08-11 20:41:01.508 | INFO     | __main__:process_entries:205 - Including 11 in calculation:
 ╭────┬────────────┬───────────────┬─────────────────┬──────────┬────────────┬────────────┬─────────────┬───────────┬───────────╮
│    │   Racer_ID │ Racer_Name    │ Race_Name       │   Season │     ZScore │   Zpred_mu │   Zpred_sig │ outlier   │ include   │
├────┼────────────┼───────────────┼─────────────────┼──────────┼────────────┼────────────┼─────────────┼───────────┼───────────┤
│  0 │       2454 │ Andrew Staley │ Exterminator    │     2023 │  2.17561   │  1.65042   │   0.32204   │ True      │ False     │
│  1 │       2454 │ Andrew Staley │ PR_Endcliffe    │     2022 │ -0.0304091 │  1.16995   │   0.0737443 │ True      │ False     │
│  2 │       2454 │ Andrew Staley │ PR_Hillsborough │     2019 │ -1.30861   │ -0.372299  │   0.0376724 │ False     │ False     │
│  3 │       2454 │ Andrew Staley │ PR_Hillsborough │     2022 │ -0.92189   │  0.0901593 │   0.0378796 │ False     │ False     │
│  4 │       2454 │ Andrew Staley │ PR_Hillsborough │     2023 │ -1.11409   │ -0.139685  │   0.0365627 │ False     │ False     │
│  5 │       2454 │ Andrew Staley │ PR_Hillsborough │     2024 │ -1.1656    │ -0.201284  │   0.0366178 │ False     │ False     │
│  6 │       2454 │ Andrew Staley │ Percy Pud       │     2018 │ -0.528739  │  0.41152   │   0.0437848 │ False     │ True      │
│  7 │       2454 │ Andrew Staley │ Percy Pud       │     2019 │ -0.911036  │ -0.0541961 │   0.0365891 │ False     │ True      │
│  8 │       2454 │ Andrew Staley │ Percy Pud       │     2021 │ -0.722459  │  0.175528  │   0.0391258 │ False     │ True      │
│  9 │       2454 │ Andrew Staley │ Percy Pud       │     2022 │ -0.608359  │  0.314526  │   0.0416553 │ False     │ True      │
│ 10 │       2454 │ Andrew Staley │ Percy Pud       │     2024 │ -0.635287  │  0.281722  │   0.0409994 │ False     │ True      │
╰────┴────────────┴───────────────┴─────────────────┴──────────┴────────────┴────────────┴─────────────┴───────────┴───────────╯
2025-08-11 20:41:01.511 | INFO     | __main__:process_entries:209 - Excluded results:
 ╭────┬────────────┬───────────────┬─────────────────┬──────────┬────────────┬────────────┬─────────────┬───────────┬───────────╮
│    │   Racer_ID │ Racer_Name    │ Race_Name       │   Season │     ZScore │   Zpred_mu │   Zpred_sig │ outlier   │ include   │
├────┼────────────┼───────────────┼─────────────────┼──────────┼────────────┼────────────┼─────────────┼───────────┼───────────┤
│  0 │       2454 │ Andrew Staley │ Exterminator    │     2023 │  2.17561   │  1.65042   │   0.32204   │ True      │ False     │
│  1 │       2454 │ Andrew Staley │ PR_Endcliffe    │     2022 │ -0.0304091 │  1.16995   │   0.0737443 │ True      │ False     │
│  2 │       2454 │ Andrew Staley │ PR_Hillsborough │     2019 │ -1.30861   │ -0.372299  │   0.0376724 │ False     │ False     │
│  3 │       2454 │ Andrew Staley │ PR_Hillsborough │     2022 │ -0.92189   │  0.0901593 │   0.0378796 │ False     │ False     │
│  4 │       2454 │ Andrew Staley │ PR_Hillsborough │     2023 │ -1.11409   │ -0.139685  │   0.0365627 │ False     │ False     │
│  5 │       2454 │ Andrew Staley │ PR_Hillsborough │     2024 │ -1.1656    │ -0.201284  │   0.0366178 │ False     │ False     │
╰────┴────────────┴───────────────┴─────────────────┴──────────┴────────────┴────────────┴─────────────┴───────────┴───────────╯
2025-08-11 20:41:01.520 | INFO     | __main__:process_entries:169 - Processing entry for ellie mcnally
2025-08-11 20:41:02.305 | INFO     | __main__:process_entries:175 - PR time for ellie mcnally: 00:26:34
2025-08-11 20:41:02.327 | WARNING  | fellpace.extract.racers:secure_racer_id:97 - Racer ellie mcnally not found in database.
2025-08-11 20:41:02.327 | INFO     | fellpace.extract.racers:secure_racer_id:98 - Looking for similar names...
2025-08-11 20:41:02.763 | INFO     | fellpace.extract.racers:secure_racer_id:101 - No similar names found.
2025-08-11 20:41:02.763 | WARNING  | __main__:process_entries:182 - Racer None not found in database.
2025-08-11 20:41:02.763 | WARNING  | __main__:process_entries:191 - Creating blank entry for None as racer not found.
2025-08-11 20:41:02.763 | INFO     | __main__:process_entries:169 - Processing entry for mark jones
2025-08-11 20:41:02.848 | WARNING  | __main__:process_results_for_racer:144 - None has no chase results.
2025-08-11 20:41:02.855 | INFO     | __main__:process_entries:205 - Including 18 in calculation:
 ╭────┬────────────┬──────────────┬─────────────────────────┬──────────┬───────────┬────────────┬─────────────┬───────────┬───────────╮
│    │   Racer_ID │ Racer_Name   │ Race_Name               │   Season │    ZScore │   Zpred_mu │   Zpred_sig │ outlier   │ include   │
├────┼────────────┼──────────────┼─────────────────────────┼──────────┼───────────┼────────────┼─────────────┼───────────┼───────────┤
│  0 │       1260 │ Mark Jones   │ Bamford Carnival        │     2018 │ -1.23229  │ -1.11508   │   0.0590976 │ False     │ True      │
│  1 │       1260 │ Mark Jones   │ Bamford Carnival        │     2023 │ -2.25566  │ -2.18114   │   0.10583   │ False     │ True      │
│  2 │       1260 │ Mark Jones   │ Bamford Carnival        │     2024 │ -2.23053  │ -2.15497   │   0.10458   │ False     │ True      │
│  3 │       1260 │ Mark Jones   │ Hathersage Gala         │     2018 │ -1.06115  │ -0.97244   │   0.0994199 │ False     │ True      │
│  4 │       1260 │ Mark Jones   │ PR_Endcliffe            │     2022 │ -2.48147  │ -1.64224   │   0.0888464 │ False     │ False     │
│  5 │       1260 │ Mark Jones   │ PR_Endcliffe            │     2023 │ -1.01903  │  0.0356631 │   0.0436489 │ False     │ False     │
│  6 │       1260 │ Mark Jones   │ PR_Endcliffe            │     2024 │ -0.777056 │  0.313292  │   0.0469543 │ False     │ False     │
│  7 │       1260 │ Mark Jones   │ PR_Hillsborough         │     2024 │ -2.71471  │ -2.05377   │   0.0862999 │ False     │ False     │
│  8 │       1260 │ Mark Jones   │ Percy Pud               │     2018 │ -1.78477  │ -1.11858   │   0.0530771 │ False     │ True      │
│  9 │       1260 │ Mark Jones   │ Percy Pud               │     2019 │  0.289012 │  1.40771   │   0.0752211 │ False     │ True      │
│ 10 │       1260 │ Mark Jones   │ Percy Pud               │     2024 │ -2.67597  │ -2.20425   │   0.0913163 │ False     │ True      │
│ 11 │       1260 │ Mark Jones   │ Sheffield Half Marathon │     2017 │ -2.05194  │ -1.1191    │   0.0669886 │ False     │ True      │
│ 12 │       1260 │ Mark Jones   │ Sheffield Half Marathon │     2018 │  1.55929  │  2.25361   │   0.115773  │ False     │ True      │
│ 13 │       1260 │ Mark Jones   │ Sheffield Half Marathon │     2021 │  1.6019   │  2.29341   │   0.117553  │ False     │ True      │
│ 14 │       1260 │ Mark Jones   │ Sheffield Half Marathon │     2022 │ -0.954566 │ -0.0942066 │   0.0412541 │ False     │ True      │
│ 15 │       1260 │ Mark Jones   │ Sheffield Half Marathon │     2023 │  1.11316  │  1.83695   │   0.0974128 │ False     │ True      │
│ 16 │       1260 │ Mark Jones   │ Tiger's Trail           │     2023 │ -2.55786  │ -2.16468   │   0.088194  │ False     │ True      │
│ 17 │       1260 │ Mark Jones   │ Tigger Tor              │     2018 │  1.50766  │  0.988596  │   0.079907  │ False     │ True      │
╰────┴────────────┴──────────────┴─────────────────────────┴──────────┴───────────┴────────────┴─────────────┴───────────┴───────────╯
2025-08-11 20:41:02.858 | INFO     | __main__:process_entries:209 - Excluded results:
 ╭────┬────────────┬──────────────┬─────────────────┬──────────┬───────────┬────────────┬─────────────┬───────────┬───────────╮
│    │   Racer_ID │ Racer_Name   │ Race_Name       │   Season │    ZScore │   Zpred_mu │   Zpred_sig │ outlier   │ include   │
├────┼────────────┼──────────────┼─────────────────┼──────────┼───────────┼────────────┼─────────────┼───────────┼───────────┤
│  4 │       1260 │ Mark Jones   │ PR_Endcliffe    │     2022 │ -2.48147  │ -1.64224   │   0.0888464 │ False     │ False     │
│  5 │       1260 │ Mark Jones   │ PR_Endcliffe    │     2023 │ -1.01903  │  0.0356631 │   0.0436489 │ False     │ False     │
│  6 │       1260 │ Mark Jones   │ PR_Endcliffe    │     2024 │ -0.777056 │  0.313292  │   0.0469543 │ False     │ False     │
│  7 │       1260 │ Mark Jones   │ PR_Hillsborough │     2024 │ -2.71471  │ -2.05377   │   0.0862999 │ False     │ False     │
╰────┴────────────┴──────────────┴─────────────────┴──────────┴───────────┴────────────┴─────────────┴───────────┴───────────╯
2025-08-11 20:41:02.870 | INFO     | __main__:process_entries:169 - Processing entry for peter hill
2025-08-11 20:41:03.644 | INFO     | __main__:process_entries:175 - PR time for peter hill: 00:28:13
2025-08-11 20:41:03.715 | WARNING  | __main__:process_results_for_racer:144 - None has no chase results.
2025-08-11 20:41:03.721 | INFO     | __main__:process_entries:205 - Including 11 in calculation:
 ╭────┬────────────┬──────────────┬─────────────────────────┬──────────┬───────────┬────────────┬─────────────┬───────────┬───────────╮
│    │   Racer_ID │ Racer_Name   │ Race_Name               │   Season │    ZScore │   Zpred_mu │   Zpred_sig │ outlier   │ include   │
├────┼────────────┼──────────────┼─────────────────────────┼──────────┼───────────┼────────────┼─────────────┼───────────┼───────────┤
│  0 │       1921 │ Peter Hill   │ PR_Endcliffe            │     2024 │ -1.20226  │  -0.174558 │   0.043843  │ True      │ False     │
│  1 │       1921 │ Peter Hill   │ PR_Hillsborough         │     2021 │ -1.92427  │  -1.10852  │   0.0537028 │ False     │ False     │
│  2 │       1921 │ Peter Hill   │ PR_Hillsborough         │     2022 │ -2.09977  │  -1.3184   │   0.0603055 │ False     │ False     │
│  3 │       1921 │ Peter Hill   │ PR_Hillsborough         │     2023 │ -1.74405  │  -0.893015 │   0.0476004 │ False     │ False     │
│  4 │       1921 │ Peter Hill   │ PR_Hillsborough         │     2024 │ -1.77452  │  -0.92945  │   0.0485727 │ False     │ False     │
│  5 │       1921 │ Peter Hill   │ Percy Pud               │     2022 │ -1.47235  │  -0.737991 │   0.0429078 │ False     │ True      │
│  6 │       1921 │ Peter Hill   │ Sheffield Half Marathon │     2018 │ -0.709587 │   0.134592 │   0.0416542 │ True      │ False     │
│  7 │       1921 │ Peter Hill   │ Sheffield Half Marathon │     2021 │ -2.00711  │  -1.07723  │   0.0654195 │ False     │ True      │
│  8 │       1921 │ Peter Hill   │ Sheffield Half Marathon │     2023 │ -2.0056   │  -1.07582  │   0.0653669 │ False     │ True      │
│  9 │       1921 │ Peter Hill   │ Tigger Tor              │     2021 │ -0.737922 │  -0.829974 │   0.0366556 │ False     │ True      │
│ 10 │       1921 │ Peter Hill   │ Totley Moor             │     2021 │ -1.33172  │  -1.2784   │   0.0333538 │ False     │ True      │
╰────┴────────────┴──────────────┴─────────────────────────┴──────────┴───────────┴────────────┴─────────────┴───────────┴───────────╯
2025-08-11 20:41:03.724 | INFO     | __main__:process_entries:209 - Excluded results:
 ╭────┬────────────┬──────────────┬─────────────────────────┬──────────┬───────────┬────────────┬─────────────┬───────────┬───────────╮
│    │   Racer_ID │ Racer_Name   │ Race_Name               │   Season │    ZScore │   Zpred_mu │   Zpred_sig │ outlier   │ include   │
├────┼────────────┼──────────────┼─────────────────────────┼──────────┼───────────┼────────────┼─────────────┼───────────┼───────────┤
│  0 │       1921 │ Peter Hill   │ PR_Endcliffe            │     2024 │ -1.20226  │  -0.174558 │   0.043843  │ True      │ False     │
│  1 │       1921 │ Peter Hill   │ PR_Hillsborough         │     2021 │ -1.92427  │  -1.10852  │   0.0537028 │ False     │ False     │
│  2 │       1921 │ Peter Hill   │ PR_Hillsborough         │     2022 │ -2.09977  │  -1.3184   │   0.0603055 │ False     │ False     │
│  3 │       1921 │ Peter Hill   │ PR_Hillsborough         │     2023 │ -1.74405  │  -0.893015 │   0.0476004 │ False     │ False     │
│  4 │       1921 │ Peter Hill   │ PR_Hillsborough         │     2024 │ -1.77452  │  -0.92945  │   0.0485727 │ False     │ False     │
│  6 │       1921 │ Peter Hill   │ Sheffield Half Marathon │     2018 │ -0.709587 │   0.134592 │   0.0416542 │ True      │ False     │
╰────┴────────────┴──────────────┴─────────────────────────┴──────────┴───────────┴────────────┴─────────────┴───────────┴───────────╯
2025-08-11 20:41:03.735 | INFO     | __main__:process_entries:169 - Processing entry for pat goodall
2025-08-11 20:41:04.482 | INFO     | __main__:process_entries:175 - PR time for pat goodall: 00:37:16
2025-08-11 20:41:04.584 | INFO     | __main__:process_entries:205 - Including 40 in calculation:
 ╭────┬────────────┬──────────────┬─────────────────────────┬──────────┬─────────────┬────────────┬─────────────┬───────────┬───────────╮
│    │   Racer_ID │ Racer_Name   │ Race_Name               │   Season │      ZScore │   Zpred_mu │   Zpred_sig │ outlier   │ include   │
├────┼────────────┼──────────────┼─────────────────────────┼──────────┼─────────────┼────────────┼─────────────┼───────────┼───────────┤
│  0 │        716 │ Pat Goodall  │ Bamford Carnival        │     2017 │ -0.0930328  │  0.0717051 │   0.0466379 │ False     │ True      │
│  1 │        716 │ Pat Goodall  │ Bamford Carnival        │     2018 │ -0.201247   │ -0.0410237 │   0.0443996 │ False     │ True      │
│  2 │        716 │ Pat Goodall  │ Bamford Carnival        │     2019 │  0.0196832  │  0.189123  │   0.0496059 │ False     │ True      │
│  3 │        716 │ Pat Goodall  │ Bamford Carnival        │     2023 │  0.692737   │  0.890255  │   0.075667  │ False     │ True      │
│  4 │        716 │ Pat Goodall  │ Exterminator            │     2016 │ -0.388818   │ -0.535222  │   0.0863072 │ False     │ False     │
│  5 │        716 │ Pat Goodall  │ Exterminator            │     2018 │  0.23285    │ -0.0053791 │   0.112991  │ False     │ False     │
│  6 │        716 │ Pat Goodall  │ Exterminator            │     2022 │  0.36488    │  0.107148  │   0.12402   │ False     │ False     │
│  7 │        716 │ Pat Goodall  │ Grindleford             │     2017 │ -0.41575    │ -0.0674574 │   0.0501203 │ False     │ True      │
│  8 │        716 │ Pat Goodall  │ Grindleford             │     2018 │ -0.313976   │  0.0306015 │   0.0503985 │ False     │ True      │
│  9 │        716 │ Pat Goodall  │ Grindleford             │     2019 │ -0.436148   │ -0.0871113 │   0.0501127 │ False     │ True      │
│ 10 │        716 │ Pat Goodall  │ Grindleford             │     2022 │ -0.317357   │  0.0273438 │   0.0503829 │ False     │ True      │
│ 11 │        716 │ Pat Goodall  │ Grindleford             │     2023 │  0.353927   │  0.674124  │   0.0610053 │ False     │ True      │
│ 12 │        716 │ Pat Goodall  │ Hathersage Gala         │     2017 │ -0.120642   │ -0.125122  │   0.0647268 │ False     │ True      │
│ 13 │        716 │ Pat Goodall  │ Hathersage Gala         │     2018 │  0.111783   │  0.0842728 │   0.0624349 │ False     │ True      │
│ 14 │        716 │ Pat Goodall  │ Hathersage Gala         │     2022 │  0.460194   │  0.39816   │   0.0654947 │ False     │ True      │
│ 15 │        716 │ Pat Goodall  │ Hathersage Gala         │     2024 │  0.8893     │  0.784746  │   0.0783408 │ False     │ True      │
│ 16 │        716 │ Pat Goodall  │ Hope Wakes              │     2018 │ -0.117687   │ -0.235883  │   0.0550718 │ False     │ True      │
│ 17 │        716 │ Pat Goodall  │ Hope Wakes              │     2019 │  0.0116925  │ -0.131635  │   0.0508278 │ False     │ True      │
│ 18 │        716 │ Pat Goodall  │ Hope Wakes              │     2023 │  1.08606    │  0.734052  │   0.0539167 │ False     │ True      │
│ 19 │        716 │ Pat Goodall  │ Hope Wakes              │     2024 │  0.610831   │  0.351127  │   0.0432548 │ False     │ True      │
│ 20 │        716 │ Pat Goodall  │ PR_Endcliffe            │     2023 │ -0.308749   │  0.850599  │   0.0618465 │ False     │ False     │
│ 21 │        716 │ Pat Goodall  │ PR_Hillsborough         │     2022 │ -0.474562   │  0.625092  │   0.048514  │ False     │ False     │
│ 22 │        716 │ Pat Goodall  │ Sheffield Half Marathon │     2017 │ -0.674017   │  0.167813  │   0.0419496 │ False     │ True      │
│ 23 │        716 │ Pat Goodall  │ Sheffield Half Marathon │     2021 │ -0.413798   │  0.410845  │   0.0457574 │ False     │ True      │
│ 24 │        716 │ Pat Goodall  │ Tiger's Trail           │     2017 │  0.324363   │  0.411354  │   0.0363145 │ False     │ True      │
│ 25 │        716 │ Pat Goodall  │ Tiger's Trail           │     2020 │  0.415706   │  0.492993  │   0.0380108 │ False     │ True      │
│ 26 │        716 │ Pat Goodall  │ Tiger's Trail           │     2021 │  0.434658   │  0.509931  │   0.0383865 │ False     │ True      │
│ 27 │        716 │ Pat Goodall  │ Tiger's Trail           │     2022 │  0.487295   │  0.556977  │   0.0394694 │ False     │ True      │
│ 28 │        716 │ Pat Goodall  │ Tiger's Trail           │     2023 │  0.872405   │  0.901175  │   0.0487851 │ False     │ True      │
│ 29 │        716 │ Pat Goodall  │ Totley Moor             │     2016 │  0.108489   │  0.0521322 │   0.0228764 │ False     │ True      │
│ 30 │        716 │ Pat Goodall  │ Totley Moor             │     2017 │ -0.00703027 │ -0.0545899 │   0.0217347 │ False     │ True      │
│ 31 │        716 │ Pat Goodall  │ Totley Moor             │     2021 │  0.523165   │  0.435228  │   0.0291073 │ False     │ True      │
│ 32 │        716 │ Pat Goodall  │ Wolf's Pit              │     2016 │  0.0297132  │ -0.110943  │   0.0532577 │ False     │ True      │
│ 33 │        716 │ Pat Goodall  │ Hallam Chase            │     2024 │  0.546663   │  0.546663  │   0.01      │ False     │ True      │
│ 34 │        716 │ Pat Goodall  │ Hallam Chase            │     2023 │  1.02422    │  1.02422   │   0.01      │ False     │ True      │
│ 35 │        716 │ Pat Goodall  │ Hallam Chase            │     2022 │  0.462154   │  0.462154  │   0.01      │ False     │ True      │
│ 36 │        716 │ Pat Goodall  │ Hallam Chase            │     2021 │  0.137794   │  0.137794  │   0.01      │ False     │ True      │
│ 37 │        716 │ Pat Goodall  │ Hallam Chase            │     2019 │  0.073318   │  0.073318  │   0.01      │ False     │ True      │
│ 38 │        716 │ Pat Goodall  │ Hallam Chase            │     2018 │  0.149487   │  0.149487  │   0.01      │ False     │ True      │
│ 39 │        716 │ Pat Goodall  │ Hallam Chase            │     2017 │  0.0647728  │  0.0647728 │   0.01      │ False     │ True      │
╰────┴────────────┴──────────────┴─────────────────────────┴──────────┴─────────────┴────────────┴─────────────┴───────────┴───────────╯
2025-08-11 20:41:04.588 | INFO     | __main__:process_entries:209 - Excluded results:
 ╭────┬────────────┬──────────────┬─────────────────┬──────────┬───────────┬────────────┬─────────────┬───────────┬───────────╮
│    │   Racer_ID │ Racer_Name   │ Race_Name       │   Season │    ZScore │   Zpred_mu │   Zpred_sig │ outlier   │ include   │
├────┼────────────┼──────────────┼─────────────────┼──────────┼───────────┼────────────┼─────────────┼───────────┼───────────┤
│  4 │        716 │ Pat Goodall  │ Exterminator    │     2016 │ -0.388818 │ -0.535222  │   0.0863072 │ False     │ False     │
│  5 │        716 │ Pat Goodall  │ Exterminator    │     2018 │  0.23285  │ -0.0053791 │   0.112991  │ False     │ False     │
│  6 │        716 │ Pat Goodall  │ Exterminator    │     2022 │  0.36488  │  0.107148  │   0.12402   │ False     │ False     │
│ 20 │        716 │ Pat Goodall  │ PR_Endcliffe    │     2023 │ -0.308749 │  0.850599  │   0.0618465 │ False     │ False     │
│ 21 │        716 │ Pat Goodall  │ PR_Hillsborough │     2022 │ -0.474562 │  0.625092  │   0.048514  │ False     │ False     │
╰────┴────────────┴──────────────┴─────────────────┴──────────┴───────────┴────────────┴─────────────┴───────────┴───────────╯
2025-08-11 20:41:04.598 | INFO     | __main__:process_entries:169 - Processing entry for nick hails
2025-08-11 20:41:05.356 | INFO     | __main__:process_entries:175 - PR time for nick hails: 00:28:08
2025-08-11 20:41:05.449 | INFO     | __main__:process_entries:205 - Including 30 in calculation:
 ╭────┬────────────┬──────────────┬─────────────────────────┬──────────┬────────────┬─────────────┬─────────────┬───────────┬───────────╮
│    │   Racer_ID │ Racer_Name   │ Race_Name               │   Season │     ZScore │    Zpred_mu │   Zpred_sig │ outlier   │ include   │
├────┼────────────┼──────────────┼─────────────────────────┼──────────┼────────────┼─────────────┼─────────────┼───────────┼───────────┤
│  0 │        678 │ Nick Hails   │ Bamford Carnival        │     2019 │  0.623559  │  0.818192   │   0.0725726 │ True      │ False     │
│  1 │        678 │ Nick Hails   │ Bamford Carnival        │     2021 │ -0.0159906 │  0.151961   │   0.0486028 │ False     │ True      │
│  2 │        678 │ Nick Hails   │ Bamford Carnival        │     2023 │ -0.214534  │ -0.0548653  │   0.0441708 │ False     │ True      │
│  3 │        678 │ Nick Hails   │ Bamford Carnival        │     2024 │ -0.187481  │ -0.0266831  │   0.0446476 │ False     │ True      │
│  4 │        678 │ Nick Hails   │ Hathersage Gala         │     2022 │  0.0835181 │  0.0588083  │   0.0625295 │ False     │ True      │
│  5 │        678 │ Nick Hails   │ Hope Wakes              │     2023 │  0.527092  │  0.283654   │   0.0428394 │ False     │ True      │
│  6 │        678 │ Nick Hails   │ PR_Hillsborough         │     2019 │ -0.911939  │  0.102059   │   0.0380105 │ False     │ False     │
│  7 │        678 │ Nick Hails   │ PR_Hillsborough         │     2021 │ -1.53231   │ -0.639804   │   0.0417107 │ False     │ False     │
│  8 │        678 │ Nick Hails   │ PR_Hillsborough         │     2022 │ -0.870807  │  0.151246   │   0.0386124 │ False     │ False     │
│  9 │        678 │ Nick Hails   │ PR_Hillsborough         │     2023 │ -1.13162   │ -0.16064    │   0.0365618 │ False     │ False     │
│ 10 │        678 │ Nick Hails   │ PR_Hillsborough         │     2024 │ -0.603602  │  0.47078    │   0.044603  │ True      │ False     │
│ 11 │        678 │ Nick Hails   │ Percy Pud               │     2017 │ -0.964641  │ -0.119498   │   0.0362944 │ False     │ True      │
│ 12 │        678 │ Nick Hails   │ Percy Pud               │     2018 │ -0.727476  │  0.169418   │   0.0390304 │ False     │ True      │
│ 13 │        678 │ Nick Hails   │ Percy Pud               │     2019 │ -0.956151  │ -0.109156   │   0.0363278 │ False     │ True      │
│ 14 │        678 │ Nick Hails   │ Percy Pud               │     2021 │ -1.1466    │ -0.341167   │   0.0367936 │ False     │ True      │
│ 15 │        678 │ Nick Hails   │ Percy Pud               │     2022 │ -1.08843   │ -0.270296   │   0.0363831 │ False     │ True      │
│ 16 │        678 │ Nick Hails   │ Percy Pud               │     2024 │ -1.25931   │ -0.478466   │   0.0382245 │ False     │ True      │
│ 17 │        678 │ Nick Hails   │ Sheffield Half Marathon │     2017 │ -0.862949  │ -0.00864042 │   0.0410648 │ False     │ True      │
│ 18 │        678 │ Nick Hails   │ Sheffield Half Marathon │     2021 │ -1.16295   │ -0.288824   │   0.0431493 │ False     │ True      │
│ 19 │        678 │ Nick Hails   │ Sheffield Half Marathon │     2022 │ -0.921911  │ -0.0637077  │   0.0411401 │ False     │ True      │
│ 20 │        678 │ Nick Hails   │ Sheffield Half Marathon │     2023 │ -1.35167   │ -0.465078   │   0.0464327 │ False     │ True      │
│ 21 │        678 │ Nick Hails   │ Tiger's Trail           │     2022 │ -0.241953  │ -0.0948005  │   0.031475  │ False     │ True      │
│ 22 │        678 │ Nick Hails   │ Tiger's Trail           │     2023 │ -0.315384  │ -0.16043    │   0.0317073 │ False     │ True      │
│ 23 │        678 │ Nick Hails   │ Tigger Tor              │     2023 │ -0.0685626 │ -0.287897   │   0.0354749 │ False     │ True      │
│ 24 │        678 │ Nick Hails   │ Totley Moor             │     2022 │  0.0643294 │  0.0113354  │   0.0224017 │ False     │ True      │
│ 25 │        678 │ Nick Hails   │ Totley Moor             │     2023 │ -0.0328045 │ -0.0784013  │   0.021526  │ False     │ True      │
│ 26 │        678 │ Nick Hails   │ Hallam Chase            │     2024 │ -0.144197  │ -0.144197   │   0.01      │ False     │ True      │
│ 27 │        678 │ Nick Hails   │ Hallam Chase            │     2023 │ -0.164379  │ -0.164379   │   0.01      │ False     │ True      │
│ 28 │        678 │ Nick Hails   │ Hallam Chase            │     2022 │  0.191442  │  0.191442   │   0.01      │ False     │ True      │
│ 29 │        678 │ Nick Hails   │ Hallam Chase            │     2021 │  0.279083  │  0.279083   │   0.01      │ False     │ True      │
╰────┴────────────┴──────────────┴─────────────────────────┴──────────┴────────────┴─────────────┴─────────────┴───────────┴───────────╯
2025-08-11 20:41:05.452 | INFO     | __main__:process_entries:209 - Excluded results:
 ╭────┬────────────┬──────────────┬──────────────────┬──────────┬───────────┬────────────┬─────────────┬───────────┬───────────╮
│    │   Racer_ID │ Racer_Name   │ Race_Name        │   Season │    ZScore │   Zpred_mu │   Zpred_sig │ outlier   │ include   │
├────┼────────────┼──────────────┼──────────────────┼──────────┼───────────┼────────────┼─────────────┼───────────┼───────────┤
│  0 │        678 │ Nick Hails   │ Bamford Carnival │     2019 │  0.623559 │   0.818192 │   0.0725726 │ True      │ False     │
│  6 │        678 │ Nick Hails   │ PR_Hillsborough  │     2019 │ -0.911939 │   0.102059 │   0.0380105 │ False     │ False     │
│  7 │        678 │ Nick Hails   │ PR_Hillsborough  │     2021 │ -1.53231  │  -0.639804 │   0.0417107 │ False     │ False     │
│  8 │        678 │ Nick Hails   │ PR_Hillsborough  │     2022 │ -0.870807 │   0.151246 │   0.0386124 │ False     │ False     │
│  9 │        678 │ Nick Hails   │ PR_Hillsborough  │     2023 │ -1.13162  │  -0.16064  │   0.0365618 │ False     │ False     │
│ 10 │        678 │ Nick Hails   │ PR_Hillsborough  │     2024 │ -0.603602 │   0.47078  │   0.044603  │ True      │ False     │
╰────┴────────────┴──────────────┴──────────────────┴──────────┴───────────┴────────────┴─────────────┴───────────┴───────────╯
2025-08-11 20:41:05.462 | INFO     | __main__:process_entries:169 - Processing entry for julia delaney
2025-08-11 20:41:05.530 | WARNING  | __main__:process_results_for_racer:144 - None has no chase results.
2025-08-11 20:41:05.535 | INFO     | __main__:process_entries:205 - Including 4 in calculation:
 ╭────┬────────────┬───────────────┬─────────────────┬──────────┬───────────┬────────────┬─────────────┬───────────┬───────────╮
│    │   Racer_ID │ Racer_Name    │ Race_Name       │   Season │    ZScore │   Zpred_mu │   Zpred_sig │ outlier   │ include   │
├────┼────────────┼───────────────┼─────────────────┼──────────┼───────────┼────────────┼─────────────┼───────────┼───────────┤
│  0 │      36588 │ Julia Delaney │ Grindleford     │     2018 │  1.28347  │   1.56974  │   0.0908252 │ False     │ True      │
│  1 │      36588 │ Julia Delaney │ PR_Hillsborough │     2024 │ -0.174327 │   0.984123 │   0.0592625 │ False     │ False     │
│  2 │      36588 │ Julia Delaney │ Percy Pud       │     2017 │  0.328261 │   1.45552  │   0.076965  │ False     │ True      │
│  3 │      36588 │ Julia Delaney │ Percy Pud       │     2018 │  0.580045 │   1.76224  │   0.0883914 │ False     │ True      │
╰────┴────────────┴───────────────┴─────────────────┴──────────┴───────────┴────────────┴─────────────┴───────────┴───────────╯
2025-08-11 20:41:05.536 | INFO     | __main__:process_entries:209 - Excluded results:
 ╭────┬────────────┬───────────────┬─────────────────┬──────────┬───────────┬────────────┬─────────────┬───────────┬───────────╮
│    │   Racer_ID │ Racer_Name    │ Race_Name       │   Season │    ZScore │   Zpred_mu │   Zpred_sig │ outlier   │ include   │
├────┼────────────┼───────────────┼─────────────────┼──────────┼───────────┼────────────┼─────────────┼───────────┼───────────┤
│  1 │      36588 │ Julia Delaney │ PR_Hillsborough │     2024 │ -0.174327 │   0.984123 │   0.0592625 │ False     │ False     │
╰────┴────────────┴───────────────┴─────────────────┴──────────┴───────────┴────────────┴─────────────┴───────────┴───────────╯
2025-08-11 20:41:05.544 | INFO     | __main__:process_entries:169 - Processing entry for mark stevenson
2025-08-11 20:41:06.329 | INFO     | __main__:process_entries:175 - PR time for mark stevenson: 00:29:45
2025-08-11 20:41:06.429 | INFO     | __main__:process_entries:205 - Including 11 in calculation:
 ╭────┬────────────┬────────────────┬─────────────────┬──────────┬────────────┬─────────────┬─────────────┬───────────┬───────────╮
│    │   Racer_ID │ Racer_Name     │ Race_Name       │   Season │     ZScore │    Zpred_mu │   Zpred_sig │ outlier   │ include   │
├────┼────────────┼────────────────┼─────────────────┼──────────┼────────────┼─────────────┼─────────────┼───────────┼───────────┤
│  0 │      26323 │ Mark Stevenson │ PR_Endcliffe    │     2021 │  0.916745  │  2.25666    │   0.120662  │ False     │ False     │
│  1 │      26323 │ Mark Stevenson │ PR_Endcliffe    │     2023 │  0.482619  │  1.75857    │   0.0983965 │ False     │ False     │
│  2 │      26323 │ Mark Stevenson │ PR_Endcliffe    │     2024 │  1.37298   │  2.78011    │   0.144762  │ False     │ False     │
│  3 │      26323 │ Mark Stevenson │ PR_Hillsborough │     2021 │  0.0390649 │  1.23931    │   0.0678232 │ False     │ False     │
│  4 │      26323 │ Mark Stevenson │ PR_Hillsborough │     2023 │ -0.879641  │  0.140682   │   0.038475  │ False     │ False     │
│  5 │      26323 │ Mark Stevenson │ PR_Hillsborough │     2024 │ -1.18681   │ -0.226638   │   0.0366912 │ False     │ False     │
│  6 │      26323 │ Mark Stevenson │ Percy Pud       │     2017 │ -0.871319  │ -0.00581324 │   0.0369341 │ False     │ True      │
│  7 │      26323 │ Mark Stevenson │ Percy Pud       │     2018 │ -0.120264  │  0.909125   │   0.0579591 │ False     │ True      │
│  8 │      26323 │ Mark Stevenson │ Percy Pud       │     2019 │ -0.286381  │  0.706761   │   0.0516724 │ False     │ True      │
│  9 │      26323 │ Mark Stevenson │ Percy Pud       │     2024 │ -0.954119  │ -0.10668    │   0.0363365 │ False     │ True      │
│ 10 │      26323 │ Mark Stevenson │ Hallam Chase    │     2024 │  0.172118  │  0.172118   │   0.01      │ False     │ True      │
╰────┴────────────┴────────────────┴─────────────────┴──────────┴────────────┴─────────────┴─────────────┴───────────┴───────────╯
2025-08-11 20:41:06.432 | INFO     | __main__:process_entries:209 - Excluded results:
 ╭────┬────────────┬────────────────┬─────────────────┬──────────┬────────────┬────────────┬─────────────┬───────────┬───────────╮
│    │   Racer_ID │ Racer_Name     │ Race_Name       │   Season │     ZScore │   Zpred_mu │   Zpred_sig │ outlier   │ include   │
├────┼────────────┼────────────────┼─────────────────┼──────────┼────────────┼────────────┼─────────────┼───────────┼───────────┤
│  0 │      26323 │ Mark Stevenson │ PR_Endcliffe    │     2021 │  0.916745  │   2.25666  │   0.120662  │ False     │ False     │
│  1 │      26323 │ Mark Stevenson │ PR_Endcliffe    │     2023 │  0.482619  │   1.75857  │   0.0983965 │ False     │ False     │
│  2 │      26323 │ Mark Stevenson │ PR_Endcliffe    │     2024 │  1.37298   │   2.78011  │   0.144762  │ False     │ False     │
│  3 │      26323 │ Mark Stevenson │ PR_Hillsborough │     2021 │  0.0390649 │   1.23931  │   0.0678232 │ False     │ False     │
│  4 │      26323 │ Mark Stevenson │ PR_Hillsborough │     2023 │ -0.879641  │   0.140682 │   0.038475  │ False     │ False     │
│  5 │      26323 │ Mark Stevenson │ PR_Hillsborough │     2024 │ -1.18681   │  -0.226638 │   0.0366912 │ False     │ False     │
╰────┴────────────┴────────────────┴─────────────────┴──────────┴────────────┴────────────┴─────────────┴───────────┴───────────╯
2025-08-11 20:41:06.442 | INFO     | __main__:process_entries:169 - Processing entry for thomas moss
2025-08-11 20:41:07.287 | INFO     | __main__:process_entries:175 - PR time for thomas moss: 00:25:15
2025-08-11 20:41:07.308 | WARNING  | fellpace.extract.racers:secure_racer_id:97 - Racer thomas moss not found in database.
2025-08-11 20:41:07.308 | INFO     | fellpace.extract.racers:secure_racer_id:98 - Looking for similar names...
2025-08-11 20:41:07.723 | INFO     | fellpace.extract.racers:secure_racer_id:104 - 0: Thomas Cass
2025-08-11 20:41:07.723 | INFO     | fellpace.extract.racers:secure_racer_id:104 - 1: Thomas Wass
2025-08-11 20:41:07.727 | INFO     | fellpace.extract.racers:secure_racer_id:105 - 2: None of these are correct
2025-08-11 20:41:13.055 | INFO     | fellpace.extract.racers:secure_racer_id:108 - No name selected, exiting.
2025-08-11 20:41:13.055 | WARNING  | __main__:process_entries:182 - Racer None not found in database.
2025-08-11 20:41:13.055 | WARNING  | __main__:process_entries:191 - Creating blank entry for None as racer not found.
2025-08-11 20:41:13.057 | INFO     | __main__:process_entries:169 - Processing entry for mel corby
2025-08-11 20:41:13.135 | WARNING  | __main__:process_results_for_racer:144 - None has no chase results.
2025-08-11 20:41:13.141 | INFO     | __main__:process_entries:205 - Including 9 in calculation:
 ╭────┬────────────┬──────────────┬─────────────────────────┬──────────┬────────────┬────────────┬─────────────┬───────────┬───────────╮
│    │   Racer_ID │ Racer_Name   │ Race_Name               │   Season │     ZScore │   Zpred_mu │   Zpred_sig │ outlier   │ include   │
├────┼────────────┼──────────────┼─────────────────────────┼──────────┼────────────┼────────────┼─────────────┼───────────┼───────────┤
│  0 │       1154 │ Mel Corby    │ Grindleford             │     2022 │  0.597595  │   0.908897 │   0.0677053 │ False     │ True      │
│  1 │       1154 │ Mel Corby    │ Grindleford             │     2023 │  0.304492  │   0.626493 │   0.0597899 │ False     │ True      │
│  2 │       1154 │ Mel Corby    │ Grindleford             │     2024 │  0.566027  │   0.878481 │   0.0667778 │ False     │ True      │
│  3 │       1154 │ Mel Corby    │ Percy Pud               │     2018 │ -0.0942029 │   0.940873 │   0.0589929 │ False     │ True      │
│  4 │       1154 │ Mel Corby    │ Percy Pud               │     2019 │ -0.437862  │   0.522227 │   0.0465221 │ False     │ True      │
│  5 │       1154 │ Mel Corby    │ Sheffield Half Marathon │     2018 │ -0.200015  │   0.610508 │   0.0506948 │ False     │ True      │
│  6 │       1154 │ Mel Corby    │ Sheffield Half Marathon │     2021 │ -0.620125  │   0.218146 │   0.0425063 │ False     │ True      │
│  7 │       1154 │ Mel Corby    │ Tiger's Trail           │     2020 │  0.822057  │   0.856175 │   0.0474549 │ False     │ True      │
│  8 │       1154 │ Mel Corby    │ Tigger Tor              │     2024 │  1.08484   │   0.646182 │   0.0653907 │ False     │ True      │
╰────┴────────────┴──────────────┴─────────────────────────┴──────────┴────────────┴────────────┴─────────────┴───────────┴───────────╯
2025-08-11 20:41:13.154 | INFO     | __main__:process_entries:169 - Processing entry for al cook
2025-08-11 20:41:13.958 | INFO     | __main__:process_entries:175 - PR time for al cook: 00:28:41
2025-08-11 20:41:14.042 | INFO     | __main__:process_entries:205 - Including 17 in calculation:
 ╭────┬────────────┬──────────────┬──────────────────┬──────────┬───────────┬────────────┬─────────────┬───────────┬───────────╮
│    │   Racer_ID │ Racer_Name   │ Race_Name        │   Season │    ZScore │   Zpred_mu │   Zpred_sig │ outlier   │ include   │
├────┼────────────┼──────────────┼──────────────────┼──────────┼───────────┼────────────┼─────────────┼───────────┼───────────┤
│  0 │       1290 │ Al Cook      │ Bamford Carnival │     2017 │ -0.717826 │  -0.579153 │   0.0441593 │ False     │ True      │
│  1 │       1290 │ Al Cook      │ Bamford Carnival │     2018 │ -0.81367  │  -0.678995 │   0.046034  │ False     │ True      │
│  2 │       1290 │ Al Cook      │ Bamford Carnival │     2019 │ -0.87433  │  -0.742186 │   0.0474776 │ False     │ True      │
│  3 │       1290 │ Al Cook      │ Bamford Carnival │     2021 │ -1.02376  │  -0.897847 │   0.0517612 │ False     │ True      │
│  4 │       1290 │ Al Cook      │ Bamford Carnival │     2022 │ -1.11028  │  -0.987975 │   0.05464   │ False     │ True      │
│  5 │       1290 │ Al Cook      │ Bamford Carnival │     2023 │ -0.580632 │  -0.436235 │   0.042453  │ False     │ True      │
│  6 │       1290 │ Al Cook      │ Grindleford      │     2022 │ -1.22013  │  -0.842475 │   0.0608786 │ False     │ True      │
│  7 │       1290 │ Al Cook      │ PR_Hillsborough  │     2024 │ -1.47422  │  -0.570336 │   0.0404143 │ False     │ False     │
│  8 │       1290 │ Al Cook      │ Percy Pud        │     2017 │ -0.193881 │   0.819444 │   0.0551039 │ True      │ False     │
│  9 │       1290 │ Al Cook      │ Percy Pud        │     2019 │ -1.54015  │  -0.820581 │   0.0448395 │ False     │ True      │
│ 10 │       1290 │ Al Cook      │ Tiger's Trail    │     2021 │ -1.08062  │  -0.844372 │   0.0440437 │ False     │ True      │
│ 11 │       1290 │ Al Cook      │ Totley Moor      │     2021 │ -0.509316 │  -0.518624 │   0.0212142 │ False     │ True      │
│ 12 │       1290 │ Al Cook      │ Hallam Chase     │     2023 │ -0.363466 │  -0.363466 │   0.01      │ False     │ True      │
│ 13 │       1290 │ Al Cook      │ Hallam Chase     │     2022 │ -0.747846 │  -0.747846 │   0.01      │ False     │ True      │
│ 14 │       1290 │ Al Cook      │ Hallam Chase     │     2021 │ -0.737778 │  -0.737778 │   0.01      │ False     │ True      │
│ 15 │       1290 │ Al Cook      │ Hallam Chase     │     2019 │ -1.11044  │  -1.11044  │   0.01      │ False     │ True      │
│ 16 │       1290 │ Al Cook      │ Hallam Chase     │     2017 │ -0.658103 │  -0.658103 │   0.01      │ False     │ True      │
╰────┴────────────┴──────────────┴──────────────────┴──────────┴───────────┴────────────┴─────────────┴───────────┴───────────╯
2025-08-11 20:41:14.042 | INFO     | __main__:process_entries:209 - Excluded results:
 ╭────┬────────────┬──────────────┬─────────────────┬──────────┬───────────┬────────────┬─────────────┬───────────┬───────────╮
│    │   Racer_ID │ Racer_Name   │ Race_Name       │   Season │    ZScore │   Zpred_mu │   Zpred_sig │ outlier   │ include   │
├────┼────────────┼──────────────┼─────────────────┼──────────┼───────────┼────────────┼─────────────┼───────────┼───────────┤
│  7 │       1290 │ Al Cook      │ PR_Hillsborough │     2024 │ -1.47422  │  -0.570336 │   0.0404143 │ False     │ False     │
│  8 │       1290 │ Al Cook      │ Percy Pud       │     2017 │ -0.193881 │   0.819444 │   0.0551039 │ True      │ False     │
╰────┴────────────┴──────────────┴─────────────────┴──────────┴───────────┴────────────┴─────────────┴───────────┴───────────╯
2025-08-11 20:41:14.054 | INFO     | __main__:process_entries:169 - Processing entry for daniel ryan
2025-08-11 20:41:14.835 | INFO     | __main__:process_entries:175 - PR time for daniel ryan: 00:28:06
2025-08-11 20:41:14.916 | WARNING  | __main__:process_results_for_racer:144 - None has no chase results.
2025-08-11 20:41:14.923 | INFO     | __main__:process_entries:205 - Including 17 in calculation:
 ╭────┬────────────┬──────────────┬─────────────────────────┬──────────┬───────────┬────────────┬─────────────┬───────────┬───────────╮
│    │   Racer_ID │ Racer_Name   │ Race_Name               │   Season │    ZScore │   Zpred_mu │   Zpred_sig │ outlier   │ include   │
├────┼────────────┼──────────────┼─────────────────────────┼──────────┼───────────┼────────────┼─────────────┼───────────┼───────────┤
│  0 │       2194 │ Daniel Ryan  │ PR_Endcliffe            │     2021 │ -0.825009 │  0.258274  │   0.0460027 │ False     │ False     │
│  1 │       2194 │ Daniel Ryan  │ PR_Endcliffe            │     2022 │ -0.95676  │  0.107111  │   0.0441281 │ False     │ False     │
│  2 │       2194 │ Daniel Ryan  │ PR_Endcliffe            │     2023 │ -0.361596 │  0.789966  │   0.0597784 │ False     │ False     │
│  3 │       2194 │ Daniel Ryan  │ PR_Endcliffe            │     2024 │ -1.67511  │ -0.717083  │   0.0541906 │ False     │ False     │
│  4 │       2194 │ Daniel Ryan  │ PR_Hillsborough         │     2019 │ -0.799682 │  0.236301  │   0.0398741 │ False     │ False     │
│  5 │       2194 │ Daniel Ryan  │ PR_Hillsborough         │     2021 │ -1.10681  │ -0.130977  │   0.0365691 │ False     │ False     │
│  6 │       2194 │ Daniel Ryan  │ PR_Hillsborough         │     2022 │ -1.23473  │ -0.283952  │   0.036965  │ False     │ False     │
│  7 │       2194 │ Daniel Ryan  │ PR_Hillsborough         │     2023 │ -1.29347  │ -0.354191  │   0.0374999 │ False     │ False     │
│  8 │       2194 │ Daniel Ryan  │ PR_Hillsborough         │     2024 │ -1.63426  │ -0.761716  │   0.0443399 │ False     │ False     │
│  9 │       2194 │ Daniel Ryan  │ Percy Pud               │     2017 │ -0.649504 │  0.264402  │   0.0406672 │ False     │ True      │
│ 10 │       2194 │ Daniel Ryan  │ Percy Pud               │     2018 │ -0.369685 │  0.60528   │   0.0487589 │ False     │ True      │
│ 11 │       2194 │ Daniel Ryan  │ Percy Pud               │     2019 │ -0.56674  │  0.365226  │   0.0427344 │ False     │ True      │
│ 12 │       2194 │ Daniel Ryan  │ Percy Pud               │     2021 │ -0.713121 │  0.186905  │   0.0393072 │ False     │ True      │
│ 13 │       2194 │ Daniel Ryan  │ Percy Pud               │     2022 │ -0.888247 │ -0.0264347 │   0.036774  │ False     │ True      │
│ 14 │       2194 │ Daniel Ryan  │ Percy Pud               │     2024 │ -1.40429  │ -0.655078  │   0.0411645 │ False     │ True      │
│ 15 │       2194 │ Daniel Ryan  │ Sheffield Half Marathon │     2021 │  0.462386 │  1.22916   │   0.072122  │ True      │ False     │
│ 16 │       2194 │ Daniel Ryan  │ Sheffield Half Marathon │     2023 │ -0.872442 │ -0.0175065 │   0.0410656 │ False     │ True      │
╰────┴────────────┴──────────────┴─────────────────────────┴──────────┴───────────┴────────────┴─────────────┴───────────┴───────────╯
2025-08-11 20:41:14.926 | INFO     | __main__:process_entries:209 - Excluded results:
 ╭────┬────────────┬──────────────┬─────────────────────────┬──────────┬───────────┬────────────┬─────────────┬───────────┬───────────╮
│    │   Racer_ID │ Racer_Name   │ Race_Name               │   Season │    ZScore │   Zpred_mu │   Zpred_sig │ outlier   │ include   │
├────┼────────────┼──────────────┼─────────────────────────┼──────────┼───────────┼────────────┼─────────────┼───────────┼───────────┤
│  0 │       2194 │ Daniel Ryan  │ PR_Endcliffe            │     2021 │ -0.825009 │   0.258274 │   0.0460027 │ False     │ False     │
│  1 │       2194 │ Daniel Ryan  │ PR_Endcliffe            │     2022 │ -0.95676  │   0.107111 │   0.0441281 │ False     │ False     │
│  2 │       2194 │ Daniel Ryan  │ PR_Endcliffe            │     2023 │ -0.361596 │   0.789966 │   0.0597784 │ False     │ False     │
│  3 │       2194 │ Daniel Ryan  │ PR_Endcliffe            │     2024 │ -1.67511  │  -0.717083 │   0.0541906 │ False     │ False     │
│  4 │       2194 │ Daniel Ryan  │ PR_Hillsborough         │     2019 │ -0.799682 │   0.236301 │   0.0398741 │ False     │ False     │
│  5 │       2194 │ Daniel Ryan  │ PR_Hillsborough         │     2021 │ -1.10681  │  -0.130977 │   0.0365691 │ False     │ False     │
│  6 │       2194 │ Daniel Ryan  │ PR_Hillsborough         │     2022 │ -1.23473  │  -0.283952 │   0.036965  │ False     │ False     │
│  7 │       2194 │ Daniel Ryan  │ PR_Hillsborough         │     2023 │ -1.29347  │  -0.354191 │   0.0374999 │ False     │ False     │
│  8 │       2194 │ Daniel Ryan  │ PR_Hillsborough         │     2024 │ -1.63426  │  -0.761716 │   0.0443399 │ False     │ False     │
│ 15 │       2194 │ Daniel Ryan  │ Sheffield Half Marathon │     2021 │  0.462386 │   1.22916  │   0.072122  │ True      │ False     │
╰────┴────────────┴──────────────┴─────────────────────────┴──────────┴───────────┴────────────┴─────────────┴───────────┴───────────╯
2025-08-11 20:41:14.936 | INFO     | __main__:process_entries:169 - Processing entry for nick burns
2025-08-11 20:41:16.202 | INFO     | __main__:process_entries:175 - PR time for nick burns: 00:30:45
2025-08-11 20:41:16.395 | WARNING  | __main__:process_results_for_racer:144 - None has no chase results.
2025-08-11 20:41:16.406 | INFO     | __main__:process_entries:205 - Including 37 in calculation:
 ╭────┬────────────┬──────────────┬─────────────────────────┬──────────┬────────────┬────────────┬─────────────┬───────────┬───────────╮
│    │   Racer_ID │ Racer_Name   │ Race_Name               │   Season │     ZScore │   Zpred_mu │   Zpred_sig │ outlier   │ include   │
├────┼────────────┼──────────────┼─────────────────────────┼──────────┼────────────┼────────────┼─────────────┼───────────┼───────────┤
│  0 │        666 │ Nick Burns   │ Bamford Carnival        │     2019 │ -0.33248   │ -0.177731  │   0.0426244 │ False     │ True      │
│  1 │        666 │ Nick Burns   │ Bamford Carnival        │     2022 │ -0.570476  │ -0.425656  │   0.0423761 │ False     │ True      │
│  2 │        666 │ Nick Burns   │ Bamford Carnival        │     2023 │ -0.0901532 │  0.0747048 │   0.0467061 │ False     │ True      │
│  3 │        666 │ Nick Burns   │ Exterminator            │     2016 │ -0.225681  │ -0.396182  │   0.0879121 │ False     │ False     │
│  4 │        666 │ Nick Burns   │ Exterminator            │     2017 │ -0.36016   │ -0.510797  │   0.0862587 │ False     │ False     │
│  5 │        666 │ Nick Burns   │ Exterminator            │     2019 │ -0.296956  │ -0.456928  │   0.0866527 │ False     │ False     │
│  6 │        666 │ Nick Burns   │ Exterminator            │     2022 │ -0.604686  │ -0.719205  │   0.0911016 │ False     │ False     │
│  7 │        666 │ Nick Burns   │ Exterminator            │     2023 │  0.130184  │ -0.0928807 │   0.105327  │ False     │ False     │
│  8 │        666 │ Nick Burns   │ Exterminator            │     2024 │ -0.356744  │ -0.507886  │   0.0862624 │ False     │ False     │
│  9 │        666 │ Nick Burns   │ Grindleford             │     2017 │ -0.41363   │ -0.0654151 │   0.050122  │ False     │ True      │
│ 10 │        666 │ Nick Burns   │ Grindleford             │     2019 │ -0.939624  │ -0.572208  │   0.054813  │ False     │ True      │
│ 11 │        666 │ Nick Burns   │ Grindleford             │     2022 │ -0.57831   │ -0.224083  │   0.0505055 │ False     │ True      │
│ 12 │        666 │ Nick Burns   │ Grindleford             │     2023 │ -0.803647  │ -0.441195  │   0.0526711 │ False     │ True      │
│ 13 │        666 │ Nick Burns   │ Grindleford             │     2024 │ -0.491746  │ -0.14068   │   0.0501736 │ False     │ True      │
│ 14 │        666 │ Nick Burns   │ Hathersage Gala         │     2024 │ -0.0396402 │ -0.0521464 │   0.0635436 │ False     │ True      │
│ 15 │        666 │ Nick Burns   │ PR_Endcliffe            │     2021 │ -0.983275  │  0.0766896 │   0.0438909 │ False     │ False     │
│ 16 │        666 │ Nick Burns   │ PR_Endcliffe            │     2022 │ -1.06394   │ -0.0158629 │   0.0434736 │ False     │ False     │
│ 17 │        666 │ Nick Burns   │ PR_Endcliffe            │     2023 │ -0.889672  │  0.184084  │   0.0449416 │ False     │ False     │
│ 18 │        666 │ Nick Burns   │ PR_Endcliffe            │     2024 │ -0.855057  │  0.223799  │   0.045477  │ False     │ False     │
│ 19 │        666 │ Nick Burns   │ PR_Hillsborough         │     2021 │ -1.44529   │ -0.535741  │   0.0398292 │ False     │ False     │
│ 20 │        666 │ Nick Burns   │ PR_Hillsborough         │     2022 │ -1.22286   │ -0.269748  │   0.0368833 │ False     │ False     │
│ 21 │        666 │ Nick Burns   │ PR_Hillsborough         │     2023 │ -0.669318  │  0.392195  │   0.0428353 │ True      │ False     │
│ 22 │        666 │ Nick Burns   │ PR_Hillsborough         │     2024 │ -1.09112   │ -0.112215  │   0.0365946 │ False     │ False     │
│ 23 │        666 │ Nick Burns   │ Sheffield Half Marathon │     2017 │ -1.47126   │ -0.57677   │   0.0491511 │ False     │ True      │
│ 24 │        666 │ Nick Burns   │ Sheffield Half Marathon │     2018 │ -1.25842   │ -0.377992  │   0.0446423 │ False     │ True      │
│ 25 │        666 │ Nick Burns   │ Sheffield Half Marathon │     2021 │ -1.11805   │ -0.24689   │   0.0425767 │ False     │ True      │
│ 26 │        666 │ Nick Burns   │ Sheffield Half Marathon │     2022 │ -1.1566    │ -0.282893  │   0.0430631 │ False     │ True      │
│ 27 │        666 │ Nick Burns   │ Sheffield Half Marathon │     2023 │ -1.03978   │ -0.173795  │   0.0417901 │ False     │ True      │
│ 28 │        666 │ Nick Burns   │ Tiger's Trail           │     2017 │ -0.433234  │ -0.265761  │   0.0325016 │ False     │ True      │
│ 29 │        666 │ Nick Burns   │ Tiger's Trail           │     2018 │ -0.350634  │ -0.191935  │   0.0318914 │ False     │ True      │
│ 30 │        666 │ Nick Burns   │ Tiger's Trail           │     2022 │ -0.512897  │ -0.336961  │   0.0333165 │ False     │ True      │
│ 31 │        666 │ Nick Burns   │ Tigger Tor              │     2016 │ -0.325986  │ -0.49637   │   0.0336396 │ False     │ True      │
│ 32 │        666 │ Nick Burns   │ Tigger Tor              │     2018 │ -0.335851  │ -0.504359  │   0.0336263 │ False     │ True      │
│ 33 │        666 │ Nick Burns   │ Totley Moor             │     2017 │ -0.370388  │ -0.390276  │   0.0205873 │ False     │ True      │
│ 34 │        666 │ Nick Burns   │ Totley Moor             │     2022 │ -0.152309  │ -0.188805  │   0.0208003 │ False     │ True      │
│ 35 │        666 │ Nick Burns   │ Wolf's Pit              │     2016 │ -0.31708   │ -0.433538  │   0.0586928 │ False     │ True      │
│ 36 │        666 │ Nick Burns   │ Wolf's Pit              │     2018 │ -0.445846  │ -0.553319  │   0.0626656 │ False     │ True      │
╰────┴────────────┴──────────────┴─────────────────────────┴──────────┴────────────┴────────────┴─────────────┴───────────┴───────────╯
2025-08-11 20:41:16.411 | INFO     | __main__:process_entries:209 - Excluded results:
 ╭────┬────────────┬──────────────┬─────────────────┬──────────┬───────────┬────────────┬─────────────┬───────────┬───────────╮
│    │   Racer_ID │ Racer_Name   │ Race_Name       │   Season │    ZScore │   Zpred_mu │   Zpred_sig │ outlier   │ include   │
├────┼────────────┼──────────────┼─────────────────┼──────────┼───────────┼────────────┼─────────────┼───────────┼───────────┤
│  3 │        666 │ Nick Burns   │ Exterminator    │     2016 │ -0.225681 │ -0.396182  │   0.0879121 │ False     │ False     │
│  4 │        666 │ Nick Burns   │ Exterminator    │     2017 │ -0.36016  │ -0.510797  │   0.0862587 │ False     │ False     │
│  5 │        666 │ Nick Burns   │ Exterminator    │     2019 │ -0.296956 │ -0.456928  │   0.0866527 │ False     │ False     │
│  6 │        666 │ Nick Burns   │ Exterminator    │     2022 │ -0.604686 │ -0.719205  │   0.0911016 │ False     │ False     │
│  7 │        666 │ Nick Burns   │ Exterminator    │     2023 │  0.130184 │ -0.0928807 │   0.105327  │ False     │ False     │
│  8 │        666 │ Nick Burns   │ Exterminator    │     2024 │ -0.356744 │ -0.507886  │   0.0862624 │ False     │ False     │
│ 15 │        666 │ Nick Burns   │ PR_Endcliffe    │     2021 │ -0.983275 │  0.0766896 │   0.0438909 │ False     │ False     │
│ 16 │        666 │ Nick Burns   │ PR_Endcliffe    │     2022 │ -1.06394  │ -0.0158629 │   0.0434736 │ False     │ False     │
│ 17 │        666 │ Nick Burns   │ PR_Endcliffe    │     2023 │ -0.889672 │  0.184084  │   0.0449416 │ False     │ False     │
│ 18 │        666 │ Nick Burns   │ PR_Endcliffe    │     2024 │ -0.855057 │  0.223799  │   0.045477  │ False     │ False     │
│ 19 │        666 │ Nick Burns   │ PR_Hillsborough │     2021 │ -1.44529  │ -0.535741  │   0.0398292 │ False     │ False     │
│ 20 │        666 │ Nick Burns   │ PR_Hillsborough │     2022 │ -1.22286  │ -0.269748  │   0.0368833 │ False     │ False     │
│ 21 │        666 │ Nick Burns   │ PR_Hillsborough │     2023 │ -0.669318 │  0.392195  │   0.0428353 │ True      │ False     │
│ 22 │        666 │ Nick Burns   │ PR_Hillsborough │     2024 │ -1.09112  │ -0.112215  │   0.0365946 │ False     │ False     │
╰────┴────────────┴──────────────┴─────────────────┴──────────┴───────────┴────────────┴─────────────┴───────────┴───────────╯
2025-08-11 20:41:16.434 | INFO     | __main__:process_entries:169 - Processing entry for fran allen
2025-08-11 20:41:17.345 | INFO     | __main__:process_entries:175 - PR time for fran allen: 00:31:41
2025-08-11 20:41:17.424 | WARNING  | __main__:process_results_for_racer:144 - None has no chase results.
2025-08-11 20:41:17.430 | INFO     | __main__:process_entries:205 - Including 12 in calculation:
 ╭────┬────────────┬──────────────┬─────────────────┬──────────┬────────────┬─────────────┬─────────────┬───────────┬───────────╮
│    │   Racer_ID │ Racer_Name   │ Race_Name       │   Season │     ZScore │    Zpred_mu │   Zpred_sig │ outlier   │ include   │
├────┼────────────┼──────────────┼─────────────────┼──────────┼────────────┼─────────────┼─────────────┼───────────┼───────────┤
│  0 │       1159 │ Fran Allen   │ Grindleford     │     2023 │  0.342434  │  0.663049   │   0.0607179 │ False     │ True      │
│  1 │       1159 │ Fran Allen   │ Grindleford     │     2024 │ -0.0510033 │  0.283974   │   0.0529009 │ False     │ True      │
│  2 │       1159 │ Fran Allen   │ PR_Endcliffe    │     2023 │ -0.678973  │  0.425827   │   0.0492996 │ False     │ False     │
│  3 │       1159 │ Fran Allen   │ PR_Hillsborough │     2022 │ -1.1307    │ -0.15954    │   0.0365614 │ False     │ False     │
│  4 │       1159 │ Fran Allen   │ Percy Pud       │     2017 │ -0.576815  │  0.352953   │   0.0424662 │ False     │ True      │
│  5 │       1159 │ Fran Allen   │ Percy Pud       │     2018 │ -0.861436  │  0.00622595 │   0.0370363 │ False     │ True      │
│  6 │       1159 │ Fran Allen   │ Percy Pud       │     2019 │ -0.956151  │ -0.109156   │   0.0363278 │ False     │ True      │
│  7 │       1159 │ Fran Allen   │ Percy Pud       │     2024 │ -0.891023  │ -0.029817   │   0.0367496 │ False     │ True      │
│  8 │       1159 │ Fran Allen   │ Tiger's Trail   │     2018 │  0.156187  │  0.261044   │   0.0337606 │ False     │ True      │
│  9 │       1159 │ Fran Allen   │ Tiger's Trail   │     2023 │ -0.0180008 │  0.105361   │   0.0320474 │ False     │ True      │
│ 10 │       1159 │ Fran Allen   │ Totley Moor     │     2020 │ -0.177184  │ -0.211786   │   0.0207017 │ False     │ True      │
│ 11 │       1159 │ Fran Allen   │ Totley Moor     │     2021 │  0.400297  │  0.321717   │   0.0269862 │ False     │ True      │
╰────┴────────────┴──────────────┴─────────────────┴──────────┴────────────┴─────────────┴─────────────┴───────────┴───────────╯
2025-08-11 20:41:17.433 | INFO     | __main__:process_entries:209 - Excluded results:
 ╭────┬────────────┬──────────────┬─────────────────┬──────────┬───────────┬────────────┬─────────────┬───────────┬───────────╮
│    │   Racer_ID │ Racer_Name   │ Race_Name       │   Season │    ZScore │   Zpred_mu │   Zpred_sig │ outlier   │ include   │
├────┼────────────┼──────────────┼─────────────────┼──────────┼───────────┼────────────┼─────────────┼───────────┼───────────┤
│  2 │       1159 │ Fran Allen   │ PR_Endcliffe    │     2023 │ -0.678973 │   0.425827 │   0.0492996 │ False     │ False     │
│  3 │       1159 │ Fran Allen   │ PR_Hillsborough │     2022 │ -1.1307   │  -0.15954  │   0.0365614 │ False     │ False     │
╰────┴────────────┴──────────────┴─────────────────┴──────────┴───────────┴────────────┴─────────────┴───────────┴───────────╯
2025-08-11 20:41:17.442 | INFO     | __main__:process_entries:169 - Processing entry for georgiana swainson
2025-08-11 20:41:18.239 | INFO     | __main__:process_entries:175 - PR time for georgiana swainson: 00:33:58
2025-08-11 20:41:18.259 | WARNING  | fellpace.extract.racers:secure_racer_id:97 - Racer georgiana swainson not found in database.
2025-08-11 20:41:18.260 | INFO     | fellpace.extract.racers:secure_racer_id:98 - Looking for similar names...
2025-08-11 20:41:18.708 | INFO     | fellpace.extract.racers:secure_racer_id:104 - 0: Georgina Swainson
2025-08-11 20:41:18.710 | INFO     | fellpace.extract.racers:secure_racer_id:105 - 1: None of these are correct
2025-08-11 20:42:55.348 | WARNING  | __main__:process_results_for_racer:134 - None has not run in any valid races.
2025-08-11 20:42:55.351 | INFO     | __main__:process_entries:205 - Including 1 in calculation:
 ╭────┬────────────┬──────────────┬──────────────┬──────────┬──────────┬────────────┬─────────────┬───────────╮
│    │   Racer_ID │ Racer_Name   │ Race_Name    │   Season │   ZScore │   Zpred_mu │   Zpred_sig │ include   │
├────┼────────────┼──────────────┼──────────────┼──────────┼──────────┼────────────┼─────────────┼───────────┤
│  0 │      70136 │              │ Hallam Chase │     2024 │ 0.260179 │   0.260179 │        0.01 │ True      │
╰────┴────────────┴──────────────┴──────────────┴──────────┴──────────┴────────────┴─────────────┴───────────╯
2025-08-11 20:42:55.363 | INFO     | __main__:process_entries:169 - Processing entry for keith swainson
2025-08-11 20:42:56.210 | INFO     | __main__:process_entries:175 - PR time for keith swainson: 00:24:13
2025-08-11 20:42:56.305 | INFO     | __main__:process_entries:205 - Including 17 in calculation:
 ╭────┬────────────┬────────────────┬─────────────────┬──────────┬───────────┬────────────┬─────────────┬───────────┬───────────╮
│    │   Racer_ID │ Racer_Name     │ Race_Name       │   Season │    ZScore │   Zpred_mu │   Zpred_sig │ outlier   │ include   │
├────┼────────────┼────────────────┼─────────────────┼──────────┼───────────┼────────────┼─────────────┼───────────┼───────────┤
│  0 │        634 │ Keith Swainson │ PR_Endcliffe    │     2021 │ -1.63513  │ -0.671214  │   0.052884  │ False     │ False     │
│  1 │        634 │ Keith Swainson │ PR_Endcliffe    │     2022 │ -2.49836  │ -1.66163   │   0.0896721 │ False     │ False     │
│  2 │        634 │ Keith Swainson │ PR_Endcliffe    │     2023 │ -1.06892  │ -0.0215725 │   0.0434631 │ False     │ False     │
│  3 │        634 │ Keith Swainson │ PR_Endcliffe    │     2024 │ -0.31047  │  0.848625  │   0.0617781 │ False     │ False     │
│  4 │        634 │ Keith Swainson │ PR_Hillsborough │     2022 │ -1.44984  │ -0.54119   │   0.0399186 │ False     │ False     │
│  5 │        634 │ Keith Swainson │ PR_Hillsborough │     2023 │ -0.782935 │  0.256327  │   0.0402096 │ False     │ False     │
│  6 │        634 │ Keith Swainson │ PR_Hillsborough │     2024 │ -2.72372  │ -2.06454   │   0.0867009 │ False     │ False     │
│  7 │        634 │ Keith Swainson │ Percy Pud       │     2018 │ -2.35149  │ -1.80897   │   0.0765449 │ False     │ True      │
│  8 │        634 │ Keith Swainson │ Percy Pud       │     2019 │ -2.26675  │ -1.70573   │   0.0728013 │ False     │ True      │
│  9 │        634 │ Keith Swainson │ Percy Pud       │     2021 │ -2.04327  │ -1.43349   │   0.0632567 │ False     │ True      │
│ 10 │        634 │ Keith Swainson │ Percy Pud       │     2022 │ -2.22931  │ -1.66012   │   0.0711665 │ False     │ True      │
│ 11 │        634 │ Keith Swainson │ Percy Pud       │     2024 │ -2.41093  │ -1.88137   │   0.0792029 │ False     │ True      │
│ 12 │        634 │ Keith Swainson │ Tiger's Trail   │     2022 │ -1.64003  │ -1.34435   │   0.0593754 │ False     │ True      │
│ 13 │        634 │ Keith Swainson │ Tigger Tor      │     2018 │ -1.54126  │ -1.48055   │   0.0568019 │ False     │ True      │
│ 14 │        634 │ Keith Swainson │ Hallam Chase    │     2024 │ -0.955299 │ -0.955299  │   0.01      │ False     │ True      │
│ 15 │        634 │ Keith Swainson │ Hallam Chase    │     2023 │ -0.510253 │ -0.510253  │   0.01      │ False     │ True      │
│ 16 │        634 │ Keith Swainson │ Hallam Chase    │     2022 │ -1.7033   │ -1.7033    │   0.01      │ False     │ True      │
╰────┴────────────┴────────────────┴─────────────────┴──────────┴───────────┴────────────┴─────────────┴───────────┴───────────╯
2025-08-11 20:42:56.305 | INFO     | __main__:process_entries:209 - Excluded results:
 ╭────┬────────────┬────────────────┬─────────────────┬──────────┬───────────┬────────────┬─────────────┬───────────┬───────────╮
│    │   Racer_ID │ Racer_Name     │ Race_Name       │   Season │    ZScore │   Zpred_mu │   Zpred_sig │ outlier   │ include   │
├────┼────────────┼────────────────┼─────────────────┼──────────┼───────────┼────────────┼─────────────┼───────────┼───────────┤
│  0 │        634 │ Keith Swainson │ PR_Endcliffe    │     2021 │ -1.63513  │ -0.671214  │   0.052884  │ False     │ False     │
│  1 │        634 │ Keith Swainson │ PR_Endcliffe    │     2022 │ -2.49836  │ -1.66163   │   0.0896721 │ False     │ False     │
│  2 │        634 │ Keith Swainson │ PR_Endcliffe    │     2023 │ -1.06892  │ -0.0215725 │   0.0434631 │ False     │ False     │
│  3 │        634 │ Keith Swainson │ PR_Endcliffe    │     2024 │ -0.31047  │  0.848625  │   0.0617781 │ False     │ False     │
│  4 │        634 │ Keith Swainson │ PR_Hillsborough │     2022 │ -1.44984  │ -0.54119   │   0.0399186 │ False     │ False     │
│  5 │        634 │ Keith Swainson │ PR_Hillsborough │     2023 │ -0.782935 │  0.256327  │   0.0402096 │ False     │ False     │
│  6 │        634 │ Keith Swainson │ PR_Hillsborough │     2024 │ -2.72372  │ -2.06454   │   0.0867009 │ False     │ False     │
╰────┴────────────┴────────────────┴─────────────────┴──────────┴───────────┴────────────┴─────────────┴───────────┴───────────╯
2025-08-11 20:42:56.318 | INFO     | __main__:process_entries:169 - Processing entry for jack swindells
2025-08-11 20:42:57.223 | INFO     | __main__:process_entries:175 - PR time for jack swindells: 00:27:60
2025-08-11 20:42:57.312 | INFO     | __main__:process_entries:205 - Including 16 in calculation:
 ╭────┬────────────┬────────────────┬─────────────────────────┬──────────┬───────────┬────────────┬─────────────┬───────────┬───────────╮
│    │   Racer_ID │ Racer_Name     │ Race_Name               │   Season │    ZScore │   Zpred_mu │   Zpred_sig │ outlier   │ include   │
├────┼────────────┼────────────────┼─────────────────────────┼──────────┼───────────┼────────────┼─────────────┼───────────┼───────────┤
│  0 │       2122 │ Jack Swindells │ Bamford Carnival        │     2021 │ -1.10227  │ -0.979634  │   0.0543629 │ False     │ True      │
│  1 │       2122 │ Jack Swindells │ Grindleford             │     2022 │ -1.60143  │ -1.20986   │   0.0717639 │ False     │ True      │
│  2 │       2122 │ Jack Swindells │ PR_Hillsborough         │     2021 │ -1.59469  │ -0.714405  │   0.0432697 │ False     │ False     │
│  3 │       2122 │ Jack Swindells │ PR_Hillsborough         │     2022 │ -0.952385 │  0.0536917 │   0.0375154 │ False     │ False     │
│  4 │       2122 │ Jack Swindells │ PR_Hillsborough         │     2023 │ -0.102775 │  1.06969   │   0.0620672 │ True      │ False     │
│  5 │       2122 │ Jack Swindells │ Percy Pud               │     2017 │ -1.33854  │ -0.574978  │   0.0396909 │ False     │ True      │
│  6 │       2122 │ Jack Swindells │ Percy Pud               │     2018 │ -0.665553 │  0.244852  │   0.0403043 │ False     │ True      │
│  7 │       2122 │ Jack Swindells │ Percy Pud               │     2019 │ -1.69584  │ -1.01025   │   0.0498861 │ False     │ True      │
│  8 │       2122 │ Jack Swindells │ Percy Pud               │     2021 │ -1.06219  │ -0.238335  │   0.0362744 │ False     │ True      │
│  9 │       2122 │ Jack Swindells │ Percy Pud               │     2022 │ -1.03015  │ -0.199296  │   0.0362071 │ False     │ True      │
│ 10 │       2122 │ Jack Swindells │ Percy Pud               │     2024 │  0.139856 │  1.226     │   0.0687123 │ True      │ False     │
│ 11 │       2122 │ Jack Swindells │ Sheffield Half Marathon │     2018 │ -0.980699 │ -0.118613  │   0.041382  │ False     │ True      │
│ 12 │       2122 │ Jack Swindells │ Sheffield Half Marathon │     2021 │ -0.941743 │ -0.0822299 │   0.0412032 │ False     │ True      │
│ 13 │       2122 │ Jack Swindells │ Tiger's Trail           │     2023 │ -1.46239  │ -1.18558   │   0.0542158 │ False     │ True      │
│ 14 │       2122 │ Jack Swindells │ Tigger Tor              │     2021 │ -0.899929 │ -0.961174  │   0.0395848 │ False     │ True      │
│ 15 │       2122 │ Jack Swindells │ Hallam Chase            │     2022 │ -1.24862  │ -1.24862   │   0.01      │ False     │ True      │
╰────┴────────────┴────────────────┴─────────────────────────┴──────────┴───────────┴────────────┴─────────────┴───────────┴───────────╯
2025-08-11 20:42:57.316 | INFO     | __main__:process_entries:209 - Excluded results:
 ╭────┬────────────┬────────────────┬─────────────────┬──────────┬───────────┬────────────┬─────────────┬───────────┬───────────╮
│    │   Racer_ID │ Racer_Name     │ Race_Name       │   Season │    ZScore │   Zpred_mu │   Zpred_sig │ outlier   │ include   │
├────┼────────────┼────────────────┼─────────────────┼──────────┼───────────┼────────────┼─────────────┼───────────┼───────────┤
│  2 │       2122 │ Jack Swindells │ PR_Hillsborough │     2021 │ -1.59469  │ -0.714405  │   0.0432697 │ False     │ False     │
│  3 │       2122 │ Jack Swindells │ PR_Hillsborough │     2022 │ -0.952385 │  0.0536917 │   0.0375154 │ False     │ False     │
│  4 │       2122 │ Jack Swindells │ PR_Hillsborough │     2023 │ -0.102775 │  1.06969   │   0.0620672 │ True      │ False     │
│ 10 │       2122 │ Jack Swindells │ Percy Pud       │     2024 │  0.139856 │  1.226     │   0.0687123 │ True      │ False     │
╰────┴────────────┴────────────────┴─────────────────┴──────────┴───────────┴────────────┴─────────────┴───────────┴───────────╯
2025-08-11 20:42:57.333 | INFO     | __main__:process_entries:169 - Processing entry for charles benkowitz
2025-08-11 20:42:58.005 | INFO     | __main__:process_entries:175 - PR time for charles benkowitz: 00:27:27
2025-08-11 20:42:58.074 | WARNING  | __main__:process_results_for_racer:144 - None has no chase results.
2025-08-11 20:42:58.081 | INFO     | __main__:process_entries:205 - Including 5 in calculation:
 ╭────┬────────────┬───────────────────┬─────────────────────────┬──────────┬──────────┬────────────┬─────────────┬───────────┬───────────╮
│    │   Racer_ID │ Racer_Name        │ Race_Name               │   Season │   ZScore │   Zpred_mu │   Zpred_sig │ outlier   │ include   │
├────┼────────────┼───────────────────┼─────────────────────────┼──────────┼──────────┼────────────┼─────────────┼───────────┼───────────┤
│  0 │      61510 │ Charles Benkowitz │ PR_Endcliffe            │     2023 │ -1.65996 │  -0.699693 │   0.053688  │ False     │ True      │
│  1 │      61510 │ Charles Benkowitz │ PR_Endcliffe            │     2024 │ -1.48595 │  -0.500043 │   0.0486097 │ False     │ True      │
│  2 │      61510 │ Charles Benkowitz │ PR_Hillsborough         │     2023 │ -1.53952 │  -0.648427 │   0.0418824 │ False     │ True      │
│  3 │      61510 │ Charles Benkowitz │ PR_Hillsborough         │     2024 │ -1.78724 │  -0.944665 │   0.0489865 │ False     │ True      │
│  4 │      61510 │ Charles Benkowitz │ Sheffield Half Marathon │     2023 │ -1.33796 │  -0.452273 │   0.0461503 │ False     │ True      │
╰────┴────────────┴───────────────────┴─────────────────────────┴──────────┴──────────┴────────────┴─────────────┴───────────┴───────────╯
2025-08-11 20:42:58.090 | INFO     | __main__:process_entries:169 - Processing entry for eric latham
2025-08-11 20:42:58.772 | INFO     | __main__:process_entries:175 - PR time for eric latham: 00:33:59
2025-08-11 20:42:58.850 | INFO     | __main__:process_entries:205 - Including 16 in calculation:
 ╭────┬────────────┬──────────────┬─────────────────────────┬──────────┬────────────┬────────────┬─────────────┬───────────┬───────────╮
│    │   Racer_ID │ Racer_Name   │ Race_Name               │   Season │     ZScore │   Zpred_mu │   Zpred_sig │ outlier   │ include   │
├────┼────────────┼──────────────┼─────────────────────────┼──────────┼────────────┼────────────┼─────────────┼───────────┼───────────┤
│  0 │       4521 │ Eric Latham  │ PR_Endcliffe            │     2023 │ -0.772289  │  0.318762  │   0.0470562 │ False     │ False     │
│  1 │       4521 │ Eric Latham  │ PR_Hillsborough         │     2019 │ -1.33178   │ -0.399998  │   0.0379631 │ False     │ False     │
│  2 │       4521 │ Eric Latham  │ PR_Hillsborough         │     2021 │ -1.10667   │ -0.130804  │   0.0365692 │ False     │ False     │
│  3 │       4521 │ Eric Latham  │ PR_Hillsborough         │     2022 │ -1.00576   │ -0.0101388 │   0.0370156 │ False     │ False     │
│  4 │       4521 │ Eric Latham  │ PR_Hillsborough         │     2023 │ -1.09142   │ -0.112572  │   0.036594  │ False     │ False     │
│  5 │       4521 │ Eric Latham  │ PR_Hillsborough         │     2024 │ -0.887613  │  0.131149  │   0.0383547 │ False     │ False     │
│  6 │       4521 │ Eric Latham  │ Percy Pud               │     2017 │ -0.922973  │ -0.0687386 │   0.0365063 │ False     │ True      │
│  7 │       4521 │ Eric Latham  │ Percy Pud               │     2018 │ -0.927649  │ -0.0744344 │   0.0364765 │ False     │ True      │
│  8 │       4521 │ Eric Latham  │ Percy Pud               │     2024 │ -0.32324   │  0.661859  │   0.0503607 │ True      │ False     │
│  9 │       4521 │ Eric Latham  │ Sheffield Half Marathon │     2021 │ -0.792181  │  0.0574536 │   0.0411968 │ False     │ True      │
│ 10 │       4521 │ Eric Latham  │ Hallam Chase            │     2024 │  0.424752  │  0.424752  │   0.01      │ False     │ True      │
│ 11 │       4521 │ Eric Latham  │ Hallam Chase            │     2023 │  0.242843  │  0.242843  │   0.01      │ False     │ True      │
│ 12 │       4521 │ Eric Latham  │ Hallam Chase            │     2022 │  0.0675268 │  0.0675268 │   0.01      │ False     │ True      │
│ 13 │       4521 │ Eric Latham  │ Hallam Chase            │     2019 │ -0.265529  │ -0.265529  │   0.01      │ False     │ True      │
│ 14 │       4521 │ Eric Latham  │ Hallam Chase            │     2018 │ -0.31282   │ -0.31282   │   0.01      │ False     │ True      │
│ 15 │       4521 │ Eric Latham  │ Hallam Chase            │     2017 │ -0.494684  │ -0.494684  │   0.01      │ False     │ True      │
╰────┴────────────┴──────────────┴─────────────────────────┴──────────┴────────────┴────────────┴─────────────┴───────────┴───────────╯
2025-08-11 20:42:58.852 | INFO     | __main__:process_entries:209 - Excluded results:
 ╭────┬────────────┬──────────────┬─────────────────┬──────────┬───────────┬────────────┬─────────────┬───────────┬───────────╮
│    │   Racer_ID │ Racer_Name   │ Race_Name       │   Season │    ZScore │   Zpred_mu │   Zpred_sig │ outlier   │ include   │
├────┼────────────┼──────────────┼─────────────────┼──────────┼───────────┼────────────┼─────────────┼───────────┼───────────┤
│  0 │       4521 │ Eric Latham  │ PR_Endcliffe    │     2023 │ -0.772289 │  0.318762  │   0.0470562 │ False     │ False     │
│  1 │       4521 │ Eric Latham  │ PR_Hillsborough │     2019 │ -1.33178  │ -0.399998  │   0.0379631 │ False     │ False     │
│  2 │       4521 │ Eric Latham  │ PR_Hillsborough │     2021 │ -1.10667  │ -0.130804  │   0.0365692 │ False     │ False     │
│  3 │       4521 │ Eric Latham  │ PR_Hillsborough │     2022 │ -1.00576  │ -0.0101388 │   0.0370156 │ False     │ False     │
│  4 │       4521 │ Eric Latham  │ PR_Hillsborough │     2023 │ -1.09142  │ -0.112572  │   0.036594  │ False     │ False     │
│  5 │       4521 │ Eric Latham  │ PR_Hillsborough │     2024 │ -0.887613 │  0.131149  │   0.0383547 │ False     │ False     │
│  8 │       4521 │ Eric Latham  │ Percy Pud       │     2024 │ -0.32324  │  0.661859  │   0.0503607 │ True      │ False     │
╰────┴────────────┴──────────────┴─────────────────┴──────────┴───────────┴────────────┴─────────────┴───────────┴───────────╯
2025-08-11 20:42:58.863 | INFO     | __main__:process_entries:169 - Processing entry for andrew lewis
2025-08-11 20:42:59.543 | INFO     | __main__:process_entries:175 - PR time for andrew lewis: 00:37:37
2025-08-11 20:42:59.615 | INFO     | __main__:process_entries:205 - Including 6 in calculation:
 ╭────┬────────────┬──────────────┬─────────────────────────┬──────────┬──────────┬────────────┬─────────────┬───────────┬───────────╮
│    │   Racer_ID │ Racer_Name   │ Race_Name               │   Season │   ZScore │   Zpred_mu │   Zpred_sig │ outlier   │ include   │
├────┼────────────┼──────────────┼─────────────────────────┼──────────┼──────────┼────────────┼─────────────┼───────────┼───────────┤
│  0 │        757 │ Andrew Lewis │ Exterminator            │     2016 │ 0.576391 │   0.287418 │   0.143709  │ False     │ False     │
│  1 │        757 │ Andrew Lewis │ Sheffield Half Marathon │     2021 │ 0.589901 │   1.34825  │   0.0768688 │ False     │ True      │
│  2 │        757 │ Andrew Lewis │ Tiger's Trail           │     2020 │ 1.14867  │   1.14809  │   0.0565002 │ False     │ True      │
│  3 │        757 │ Andrew Lewis │ Tiger's Trail           │     2022 │ 3.46267  │   3.21626  │   0.131513  │ True      │ False     │
│  4 │        757 │ Andrew Lewis │ Tigger Tor              │     2016 │ 0.485035 │   0.16043  │   0.0469787 │ False     │ True      │
│  5 │        757 │ Andrew Lewis │ Hallam Chase            │     2024 │ 0.988379 │   0.988379 │   0.01      │ False     │ True      │
╰────┴────────────┴──────────────┴─────────────────────────┴──────────┴──────────┴────────────┴─────────────┴───────────┴───────────╯
2025-08-11 20:42:59.617 | INFO     | __main__:process_entries:209 - Excluded results:
 ╭────┬────────────┬──────────────┬───────────────┬──────────┬──────────┬────────────┬─────────────┬───────────┬───────────╮
│    │   Racer_ID │ Racer_Name   │ Race_Name     │   Season │   ZScore │   Zpred_mu │   Zpred_sig │ outlier   │ include   │
├────┼────────────┼──────────────┼───────────────┼──────────┼──────────┼────────────┼─────────────┼───────────┼───────────┤
│  0 │        757 │ Andrew Lewis │ Exterminator  │     2016 │ 0.576391 │   0.287418 │    0.143709 │ False     │ False     │
│  3 │        757 │ Andrew Lewis │ Tiger's Trail │     2022 │ 3.46267  │   3.21626  │    0.131513 │ True      │ False     │
╰────┴────────────┴──────────────┴───────────────┴──────────┴──────────┴────────────┴─────────────┴───────────┴───────────╯
2025-08-11 20:42:59.626 | INFO     | __main__:process_entries:169 - Processing entry for keith holmes
2025-08-11 20:42:59.699 | INFO     | __main__:process_entries:205 - Including 11 in calculation:
 ╭────┬────────────┬──────────────┬──────────────┬──────────┬───────────┬────────────┬─────────────┬───────────┬───────────╮
│    │   Racer_ID │ Racer_Name   │ Race_Name    │   Season │    ZScore │   Zpred_mu │   Zpred_sig │ outlier   │ include   │
├────┼────────────┼──────────────┼──────────────┼──────────┼───────────┼────────────┼─────────────┼───────────┼───────────┤
│  0 │        866 │ Keith Holmes │ Hope Wakes   │     2019 │  0.318226 │   0.115358 │   0.0440189 │ False     │ True      │
│  1 │        866 │ Keith Holmes │ Hope Wakes   │     2024 │  0.519732 │   0.277723 │   0.0428272 │ False     │ True      │
│  2 │        866 │ Keith Holmes │ Tigger Tor   │     2016 │ -0.438347 │  -0.587365 │   0.0337459 │ False     │ True      │
│  3 │        866 │ Keith Holmes │ Tigger Tor   │     2023 │  0.585176 │   0.241529 │   0.0497705 │ False     │ True      │
│  4 │        866 │ Keith Holmes │ Tigger Tor   │     2024 │  1.05262  │   0.620089 │   0.0643217 │ False     │ True      │
│  5 │        866 │ Keith Holmes │ Wolf's Pit   │     2022 │  0.533828 │   0.357997 │   0.061209  │ False     │ True      │
│  6 │        866 │ Keith Holmes │ Hallam Chase │     2024 │  0.591369 │   0.591369 │   0.01      │ False     │ True      │
│  7 │        866 │ Keith Holmes │ Hallam Chase │     2023 │  0.351795 │   0.351795 │   0.01      │ False     │ True      │
│  8 │        866 │ Keith Holmes │ Hallam Chase │     2022 │  0.416139 │   0.416139 │   0.01      │ False     │ True      │
│  9 │        866 │ Keith Holmes │ Hallam Chase │     2021 │  0.279083 │   0.279083 │   0.01      │ False     │ True      │
│ 10 │        866 │ Keith Holmes │ Hallam Chase │     2017 │ -0.416275 │  -0.416275 │   0.01      │ False     │ True      │
╰────┴────────────┴──────────────┴──────────────┴──────────┴───────────┴────────────┴─────────────┴───────────┴───────────╯
2025-08-11 20:42:59.709 | INFO     | __main__:process_entries:169 - Processing entry for amy willoughby
2025-08-11 20:43:00.397 | INFO     | __main__:process_entries:175 - PR time for amy willoughby: 00:38:42
2025-08-11 20:43:00.461 | WARNING  | __main__:process_results_for_racer:144 - None has no chase results.
2025-08-11 20:43:00.466 | INFO     | __main__:process_entries:205 - Including 4 in calculation:
 ╭────┬────────────┬────────────────┬─────────────────┬──────────┬───────────┬────────────┬─────────────┬───────────┬───────────╮
│    │   Racer_ID │ Racer_Name     │ Race_Name       │   Season │    ZScore │   Zpred_mu │   Zpred_sig │ outlier   │ include   │
├────┼────────────┼────────────────┼─────────────────┼──────────┼───────────┼────────────┼─────────────┼───────────┼───────────┤
│  0 │      35935 │ Amy Willoughby │ PR_Hillsborough │     2022 │ 1.57125   │    3.07155 │   0.13736   │ True      │ False     │
│  1 │      35935 │ Amy Willoughby │ PR_Hillsborough │     2023 │ 0.0956382 │    1.30696 │   0.0701803 │ False     │ True      │
│  2 │      35935 │ Amy Willoughby │ PR_Hillsborough │     2024 │ 0.180759  │    1.40875 │   0.0737824 │ False     │ True      │
│  3 │      35935 │ Amy Willoughby │ Percy Pud       │     2024 │ 0.410647  │    1.55588 │   0.0806613 │ False     │ True      │
╰────┴────────────┴────────────────┴─────────────────┴──────────┴───────────┴────────────┴─────────────┴───────────┴───────────╯
2025-08-11 20:43:00.468 | INFO     | __main__:process_entries:209 - Excluded results:
 ╭────┬────────────┬────────────────┬─────────────────┬──────────┬──────────┬────────────┬─────────────┬───────────┬───────────╮
│    │   Racer_ID │ Racer_Name     │ Race_Name       │   Season │   ZScore │   Zpred_mu │   Zpred_sig │ outlier   │ include   │
├────┼────────────┼────────────────┼─────────────────┼──────────┼──────────┼────────────┼─────────────┼───────────┼───────────┤
│  0 │      35935 │ Amy Willoughby │ PR_Hillsborough │     2022 │  1.57125 │    3.07155 │     0.13736 │ True      │ False     │
╰────┴────────────┴────────────────┴─────────────────┴──────────┴──────────┴────────────┴─────────────┴───────────┴───────────╯
2025-08-11 20:43:00.478 | INFO     | __main__:process_entries:169 - Processing entry for steve smith
2025-08-11 20:43:01.191 | INFO     | __main__:process_entries:175 - PR time for steve smith: 00:28:57
2025-08-11 20:43:01.265 | WARNING  | __main__:process_results_for_racer:144 - None has no chase results.
2025-08-11 20:43:01.271 | INFO     | __main__:process_entries:205 - Including 14 in calculation:
 ╭────┬────────────┬──────────────┬─────────────────────────┬──────────┬───────────┬────────────┬─────────────┬───────────┬───────────╮
│    │   Racer_ID │ Racer_Name   │ Race_Name               │   Season │    ZScore │   Zpred_mu │   Zpred_sig │ outlier   │ include   │
├────┼────────────┼──────────────┼─────────────────────────┼──────────┼───────────┼────────────┼─────────────┼───────────┼───────────┤
│  0 │       2007 │ Steve Smith  │ PR_Endcliffe            │     2022 │  0.567355 │   1.85579  │   0.102671  │ False     │ False     │
│  1 │       2007 │ Steve Smith  │ PR_Hillsborough         │     2019 │ -1.2858   │  -0.345015 │   0.0374178 │ False     │ False     │
│  2 │       2007 │ Steve Smith  │ PR_Hillsborough         │     2021 │ -1.54752  │  -0.657989 │   0.0420755 │ False     │ False     │
│  3 │       2007 │ Steve Smith  │ PR_Hillsborough         │     2022 │ -1.52552  │  -0.63169  │   0.0415513 │ False     │ False     │
│  4 │       2007 │ Steve Smith  │ PR_Hillsborough         │     2023 │ -1.4805   │  -0.577843 │   0.0405467 │ False     │ False     │
│  5 │       2007 │ Steve Smith  │ PR_Hillsborough         │     2024 │ -1.44472  │  -0.535056 │   0.0398181 │ False     │ False     │
│  6 │       2007 │ Steve Smith  │ Percy Pud               │     2018 │ -1.36671  │  -0.609297 │   0.0402953 │ False     │ True      │
│  7 │       2007 │ Steve Smith  │ Percy Pud               │     2021 │ -0.722459 │   0.175528 │   0.0391258 │ False     │ True      │
│  8 │       2007 │ Steve Smith  │ Percy Pud               │     2022 │ -1.26109  │  -0.480633 │   0.0382534 │ False     │ True      │
│  9 │       2007 │ Steve Smith  │ Percy Pud               │     2024 │ -1.07284  │  -0.251305 │   0.0363127 │ False     │ True      │
│ 10 │       2007 │ Steve Smith  │ Sheffield Half Marathon │     2017 │  1.28017  │   1.99293  │   0.104219  │ False     │ True      │
│ 11 │       2007 │ Steve Smith  │ Sheffield Half Marathon │     2018 │  1.38696  │   2.09267  │   0.108616  │ False     │ True      │
│ 12 │       2007 │ Steve Smith  │ Sheffield Half Marathon │     2021 │  0.491531 │   1.25638  │   0.0731951 │ False     │ True      │
│ 13 │       2007 │ Steve Smith  │ Sheffield Half Marathon │     2022 │  1.07097  │   1.79754  │   0.0957084 │ False     │ True      │
╰────┴────────────┴──────────────┴─────────────────────────┴──────────┴───────────┴────────────┴─────────────┴───────────┴───────────╯
2025-08-11 20:43:01.276 | INFO     | __main__:process_entries:209 - Excluded results:
 ╭────┬────────────┬──────────────┬─────────────────┬──────────┬───────────┬────────────┬─────────────┬───────────┬───────────╮
│    │   Racer_ID │ Racer_Name   │ Race_Name       │   Season │    ZScore │   Zpred_mu │   Zpred_sig │ outlier   │ include   │
├────┼────────────┼──────────────┼─────────────────┼──────────┼───────────┼────────────┼─────────────┼───────────┼───────────┤
│  0 │       2007 │ Steve Smith  │ PR_Endcliffe    │     2022 │  0.567355 │   1.85579  │   0.102671  │ False     │ False     │
│  1 │       2007 │ Steve Smith  │ PR_Hillsborough │     2019 │ -1.2858   │  -0.345015 │   0.0374178 │ False     │ False     │
│  2 │       2007 │ Steve Smith  │ PR_Hillsborough │     2021 │ -1.54752  │  -0.657989 │   0.0420755 │ False     │ False     │
│  3 │       2007 │ Steve Smith  │ PR_Hillsborough │     2022 │ -1.52552  │  -0.63169  │   0.0415513 │ False     │ False     │
│  4 │       2007 │ Steve Smith  │ PR_Hillsborough │     2023 │ -1.4805   │  -0.577843 │   0.0405467 │ False     │ False     │
│  5 │       2007 │ Steve Smith  │ PR_Hillsborough │     2024 │ -1.44472  │  -0.535056 │   0.0398181 │ False     │ False     │
╰────┴────────────┴──────────────┴─────────────────┴──────────┴───────────┴────────────┴─────────────┴───────────┴───────────╯
2025-08-11 20:43:01.288 | INFO     | __main__:process_entries:169 - Processing entry for holly phipps
2025-08-11 20:43:01.983 | INFO     | __main__:process_entries:175 - PR time for holly phipps: 00:29:17
2025-08-11 20:43:02.051 | WARNING  | __main__:process_results_for_racer:144 - None has no chase results.
2025-08-11 20:43:02.056 | INFO     | __main__:process_entries:205 - Including 12 in calculation:
 ╭────┬────────────┬──────────────┬─────────────────────────┬──────────┬───────────┬────────────┬─────────────┬───────────┬───────────╮
│    │   Racer_ID │ Racer_Name   │ Race_Name               │   Season │    ZScore │   Zpred_mu │   Zpred_sig │ outlier   │ include   │
├────┼────────────┼──────────────┼─────────────────────────┼──────────┼───────────┼────────────┼─────────────┼───────────┼───────────┤
│  0 │       2301 │ Holly Phipps │ PR_Endcliffe            │     2021 │ -1.12567  │ -0.0866814 │   0.043469  │ False     │ False     │
│  1 │       2301 │ Holly Phipps │ PR_Endcliffe            │     2022 │ -0.979586 │  0.0809216 │   0.043921  │ False     │ False     │
│  2 │       2301 │ Holly Phipps │ PR_Endcliffe            │     2023 │ -0.58638  │  0.532063  │   0.05195   │ False     │ False     │
│  3 │       2301 │ Holly Phipps │ PR_Hillsborough         │     2022 │ -0.815295 │  0.217629  │   0.0395742 │ False     │ False     │
│  4 │       2301 │ Holly Phipps │ PR_Hillsborough         │     2023 │ -1.12408  │ -0.151622  │   0.0365597 │ False     │ False     │
│  5 │       2301 │ Holly Phipps │ PR_Hillsborough         │     2024 │ -1.44428  │ -0.534536  │   0.0398096 │ False     │ False     │
│  6 │       2301 │ Holly Phipps │ Percy Pud               │     2019 │ -1.35322  │ -0.592865  │   0.0400007 │ False     │ True      │
│  7 │       2301 │ Holly Phipps │ Percy Pud               │     2021 │ -1.0602   │ -0.235906  │   0.0362681 │ False     │ True      │
│  8 │       2301 │ Holly Phipps │ Percy Pud               │     2022 │ -0.757748 │  0.13254   │   0.0384848 │ False     │ True      │
│  9 │       2301 │ Holly Phipps │ Percy Pud               │     2024 │ -0.904343 │ -0.0460424 │   0.0366397 │ False     │ True      │
│ 10 │       2301 │ Holly Phipps │ Sheffield Half Marathon │     2017 │ -0.58532  │  0.250652  │   0.0429337 │ False     │ True      │
│ 11 │       2301 │ Holly Phipps │ Sheffield Half Marathon │     2021 │ -0.201185 │  0.609415  │   0.0506642 │ False     │ True      │
╰────┴────────────┴──────────────┴─────────────────────────┴──────────┴───────────┴────────────┴─────────────┴───────────┴───────────╯
2025-08-11 20:43:02.060 | INFO     | __main__:process_entries:209 - Excluded results:
 ╭────┬────────────┬──────────────┬─────────────────┬──────────┬───────────┬────────────┬─────────────┬───────────┬───────────╮
│    │   Racer_ID │ Racer_Name   │ Race_Name       │   Season │    ZScore │   Zpred_mu │   Zpred_sig │ outlier   │ include   │
├────┼────────────┼──────────────┼─────────────────┼──────────┼───────────┼────────────┼─────────────┼───────────┼───────────┤
│  0 │       2301 │ Holly Phipps │ PR_Endcliffe    │     2021 │ -1.12567  │ -0.0866814 │   0.043469  │ False     │ False     │
│  1 │       2301 │ Holly Phipps │ PR_Endcliffe    │     2022 │ -0.979586 │  0.0809216 │   0.043921  │ False     │ False     │
│  2 │       2301 │ Holly Phipps │ PR_Endcliffe    │     2023 │ -0.58638  │  0.532063  │   0.05195   │ False     │ False     │
│  3 │       2301 │ Holly Phipps │ PR_Hillsborough │     2022 │ -0.815295 │  0.217629  │   0.0395742 │ False     │ False     │
│  4 │       2301 │ Holly Phipps │ PR_Hillsborough │     2023 │ -1.12408  │ -0.151622  │   0.0365597 │ False     │ False     │
│  5 │       2301 │ Holly Phipps │ PR_Hillsborough │     2024 │ -1.44428  │ -0.534536  │   0.0398096 │ False     │ False     │
╰────┴────────────┴──────────────┴─────────────────┴──────────┴───────────┴────────────┴─────────────┴───────────┴───────────╯
2025-08-11 20:43:02.074 | INFO     | __main__:process_entries:169 - Processing entry for hal roberts
2025-08-11 20:43:02.786 | INFO     | __main__:process_entries:175 - PR time for hal roberts: 00:25:21
2025-08-11 20:43:02.873 | INFO     | __main__:process_entries:205 - Including 18 in calculation:
 ╭────┬────────────┬──────────────┬─────────────────────────┬──────────┬──────────┬────────────┬─────────────┬───────────┬───────────╮
│    │   Racer_ID │ Racer_Name   │ Race_Name               │   Season │   ZScore │   Zpred_mu │   Zpred_sig │ outlier   │ include   │
├────┼────────────┼──────────────┼─────────────────────────┼──────────┼──────────┼────────────┼─────────────┼───────────┼───────────┤
│  0 │        995 │ Hal Roberts  │ Exterminator            │     2022 │ -1.52012 │  -1.49942  │   0.165398  │ False     │ False     │
│  1 │        995 │ Hal Roberts  │ Exterminator            │     2023 │ -1.83231 │  -1.7655   │   0.198929  │ False     │ False     │
│  2 │        995 │ Hal Roberts  │ Grindleford             │     2018 │ -1.16572 │  -0.790054 │   0.0595501 │ False     │ True      │
│  3 │        995 │ Hal Roberts  │ PR_Endcliffe            │     2021 │ -1.42736 │  -0.432821 │   0.0472295 │ False     │ False     │
│  4 │        995 │ Hal Roberts  │ PR_Endcliffe            │     2022 │ -1.27911 │  -0.262731 │   0.0446302 │ False     │ False     │
│  5 │        995 │ Hal Roberts  │ PR_Endcliffe            │     2023 │ -1.39274 │  -0.393108 │   0.0465035 │ False     │ False     │
│  6 │        995 │ Hal Roberts  │ PR_Hillsborough         │     2021 │ -1.82261 │  -0.986953 │   0.0501597 │ False     │ False     │
│  7 │        995 │ Hal Roberts  │ PR_Hillsborough         │     2022 │ -1.86523 │  -1.03793  │   0.0516161 │ False     │ False     │
│  8 │        995 │ Hal Roberts  │ PR_Hillsborough         │     2023 │ -1.22845 │  -0.276432 │   0.0369206 │ False     │ False     │
│  9 │        995 │ Hal Roberts  │ PR_Hillsborough         │     2024 │ -1.25642 │  -0.30988  │   0.0371372 │ False     │ False     │
│ 10 │        995 │ Hal Roberts  │ Percy Pud               │     2019 │ -1.93432 │  -1.30076  │   0.0588278 │ False     │ True      │
│ 11 │        995 │ Hal Roberts  │ Percy Pud               │     2022 │ -1.92534 │  -1.28982  │   0.0584709 │ False     │ True      │
│ 12 │        995 │ Hal Roberts  │ Sheffield Half Marathon │     2023 │ -2.22314 │  -1.27899  │   0.0731755 │ False     │ True      │
│ 13 │        995 │ Hal Roberts  │ Tiger's Trail           │     2018 │ -1.31848 │  -1.05696  │   0.0502086 │ False     │ True      │
│ 14 │        995 │ Hal Roberts  │ Tigger Tor              │     2021 │ -1.01127 │  -1.05134  │   0.0420267 │ False     │ True      │
│ 15 │        995 │ Hal Roberts  │ Totley Moor             │     2017 │ -1.22786 │  -1.18245  │   0.0313198 │ False     │ True      │
│ 16 │        995 │ Hal Roberts  │ Totley Moor             │     2020 │ -1.38077 │  -1.32371  │   0.0343424 │ False     │ True      │
│ 17 │        995 │ Hal Roberts  │ Hallam Chase            │     2024 │ -1.26603 │  -1.26603  │   0.01      │ False     │ True      │
╰────┴────────────┴──────────────┴─────────────────────────┴──────────┴──────────┴────────────┴─────────────┴───────────┴───────────╯
2025-08-11 20:43:02.876 | INFO     | __main__:process_entries:209 - Excluded results:
 ╭────┬────────────┬──────────────┬─────────────────┬──────────┬──────────┬────────────┬─────────────┬───────────┬───────────╮
│    │   Racer_ID │ Racer_Name   │ Race_Name       │   Season │   ZScore │   Zpred_mu │   Zpred_sig │ outlier   │ include   │
├────┼────────────┼──────────────┼─────────────────┼──────────┼──────────┼────────────┼─────────────┼───────────┼───────────┤
│  0 │        995 │ Hal Roberts  │ Exterminator    │     2022 │ -1.52012 │  -1.49942  │   0.165398  │ False     │ False     │
│  1 │        995 │ Hal Roberts  │ Exterminator    │     2023 │ -1.83231 │  -1.7655   │   0.198929  │ False     │ False     │
│  3 │        995 │ Hal Roberts  │ PR_Endcliffe    │     2021 │ -1.42736 │  -0.432821 │   0.0472295 │ False     │ False     │
│  4 │        995 │ Hal Roberts  │ PR_Endcliffe    │     2022 │ -1.27911 │  -0.262731 │   0.0446302 │ False     │ False     │
│  5 │        995 │ Hal Roberts  │ PR_Endcliffe    │     2023 │ -1.39274 │  -0.393108 │   0.0465035 │ False     │ False     │
│  6 │        995 │ Hal Roberts  │ PR_Hillsborough │     2021 │ -1.82261 │  -0.986953 │   0.0501597 │ False     │ False     │
│  7 │        995 │ Hal Roberts  │ PR_Hillsborough │     2022 │ -1.86523 │  -1.03793  │   0.0516161 │ False     │ False     │
│  8 │        995 │ Hal Roberts  │ PR_Hillsborough │     2023 │ -1.22845 │  -0.276432 │   0.0369206 │ False     │ False     │
│  9 │        995 │ Hal Roberts  │ PR_Hillsborough │     2024 │ -1.25642 │  -0.30988  │   0.0371372 │ False     │ False     │
╰────┴────────────┴──────────────┴─────────────────┴──────────┴──────────┴────────────┴─────────────┴───────────┴───────────╯
2025-08-11 20:43:02.886 | INFO     | __main__:process_entries:169 - Processing entry for helen roberts
2025-08-11 20:43:03.650 | INFO     | __main__:process_entries:175 - PR time for helen roberts: 00:28:53
2025-08-11 20:43:03.717 | WARNING  | __main__:process_results_for_racer:144 - None has no chase results.
2025-08-11 20:43:03.723 | INFO     | __main__:process_entries:205 - Including 4 in calculation:
 ╭────┬────────────┬───────────────┬─────────────────────────┬──────────┬──────────┬────────────┬─────────────┬───────────┬───────────╮
│    │   Racer_ID │ Racer_Name    │ Race_Name               │   Season │   ZScore │   Zpred_mu │   Zpred_sig │ outlier   │ include   │
├────┼────────────┼───────────────┼─────────────────────────┼──────────┼──────────┼────────────┼─────────────┼───────────┼───────────┤
│  0 │       2049 │ Helen Roberts │ Exterminator            │     2023 │ -1.19429 │  -1.22172  │   0.13307   │ False     │ False     │
│  1 │       2049 │ Helen Roberts │ Percy Pud               │     2022 │ -1.19256 │  -0.397153 │   0.0372789 │ False     │ True      │
│  2 │       2049 │ Helen Roberts │ Percy Pud               │     2024 │ -1.58604 │  -0.876489 │   0.0462454 │ False     │ True      │
│  3 │       2049 │ Helen Roberts │ Sheffield Half Marathon │     2017 │  0.66203 │   1.41562  │   0.0796087 │ True      │ False     │
╰────┴────────────┴───────────────┴─────────────────────────┴──────────┴──────────┴────────────┴─────────────┴───────────┴───────────╯
2025-08-11 20:43:03.726 | INFO     | __main__:process_entries:209 - Excluded results:
 ╭────┬────────────┬───────────────┬─────────────────────────┬──────────┬──────────┬────────────┬─────────────┬───────────┬───────────╮
│    │   Racer_ID │ Racer_Name    │ Race_Name               │   Season │   ZScore │   Zpred_mu │   Zpred_sig │ outlier   │ include   │
├────┼────────────┼───────────────┼─────────────────────────┼──────────┼──────────┼────────────┼─────────────┼───────────┼───────────┤
│  0 │       2049 │ Helen Roberts │ Exterminator            │     2023 │ -1.19429 │   -1.22172 │   0.13307   │ False     │ False     │
│  3 │       2049 │ Helen Roberts │ Sheffield Half Marathon │     2017 │  0.66203 │    1.41562 │   0.0796087 │ True      │ False     │
╰────┴────────────┴───────────────┴─────────────────────────┴──────────┴──────────┴────────────┴─────────────┴───────────┴───────────╯
2025-08-11 20:43:03.735 | INFO     | __main__:process_entries:169 - Processing entry for joseph harding
2025-08-11 20:43:04.459 | INFO     | __main__:process_entries:175 - PR time for joseph harding: 00:23:34
2025-08-11 20:43:04.667 | INFO     | __main__:process_entries:205 - Including 4 in calculation:
 ╭────┬────────────┬────────────────┬─────────────────────────┬──────────┬──────────┬────────────┬─────────────┬───────────┬───────────╮
│    │   Racer_ID │ Racer_Name     │ Race_Name               │   Season │   ZScore │   Zpred_mu │   Zpred_sig │ outlier   │ include   │
├────┼────────────┼────────────────┼─────────────────────────┼──────────┼──────────┼────────────┼─────────────┼───────────┼───────────┤
│  0 │      47951 │ Joseph Harding │ Percy Pud               │     2024 │ -2.45717 │   -1.9377  │   0.0812875 │ False     │ True      │
│  1 │      47951 │ Joseph Harding │ Sheffield Half Marathon │     2018 │ -2.21653 │   -1.27282 │   0.0729317 │ True      │ False     │
│  2 │      47951 │ Joseph Harding │ Tiger's Trail           │     2023 │ -2.47247 │   -2.08836 │   0.0854166 │ False     │ True      │
│  3 │      47951 │ Joseph Harding │ Hallam Chase            │     2024 │ -1.8882  │   -1.8882  │   0.01      │ False     │ True      │
╰────┴────────────┴────────────────┴─────────────────────────┴──────────┴──────────┴────────────┴─────────────┴───────────┴───────────╯
2025-08-11 20:43:04.671 | INFO     | __main__:process_entries:209 - Excluded results:
 ╭────┬────────────┬────────────────┬─────────────────────────┬──────────┬──────────┬────────────┬─────────────┬───────────┬───────────╮
│    │   Racer_ID │ Racer_Name     │ Race_Name               │   Season │   ZScore │   Zpred_mu │   Zpred_sig │ outlier   │ include   │
├────┼────────────┼────────────────┼─────────────────────────┼──────────┼──────────┼────────────┼─────────────┼───────────┼───────────┤
│  1 │      47951 │ Joseph Harding │ Sheffield Half Marathon │     2018 │ -2.21653 │   -1.27282 │   0.0729317 │ True      │ False     │
╰────┴────────────┴────────────────┴─────────────────────────┴──────────┴──────────┴────────────┴─────────────┴───────────┴───────────╯
2025-08-11 20:43:04.684 | INFO     | __main__:process_entries:169 - Processing entry for rachel smith
2025-08-11 20:43:05.692 | INFO     | __main__:process_entries:175 - PR time for rachel smith: 00:36:40
2025-08-11 20:43:05.842 | INFO     | __main__:process_entries:205 - Including 8 in calculation:
 ╭────┬────────────┬──────────────┬─────────────────┬──────────┬────────────┬────────────┬─────────────┬───────────┬───────────╮
│    │   Racer_ID │ Racer_Name   │ Race_Name       │   Season │     ZScore │   Zpred_mu │   Zpred_sig │ outlier   │ include   │
├────┼────────────┼──────────────┼─────────────────┼──────────┼────────────┼────────────┼─────────────┼───────────┼───────────┤
│  0 │       4123 │ Rachel Smith │ PR_Hillsborough │     2019 │  0.432544  │    1.70984 │   0.0847496 │ False     │ False     │
│  1 │       4123 │ Rachel Smith │ PR_Hillsborough │     2021 │  0.188514  │    1.41802 │   0.0741135 │ False     │ False     │
│  2 │       4123 │ Rachel Smith │ PR_Hillsborough │     2022 │ -0.0855551 │    1.09028 │   0.0627529 │ False     │ False     │
│  3 │       4123 │ Rachel Smith │ PR_Hillsborough │     2023 │  0.062522  │    1.26736 │   0.0687967 │ False     │ False     │
│  4 │       4123 │ Rachel Smith │ PR_Hillsborough │     2024 │  0.18022   │    1.4081  │   0.0737594 │ False     │ False     │
│  5 │       4123 │ Rachel Smith │ Percy Pud       │     2022 │  1.32591   │    2.67086 │   0.123729  │ True      │ False     │
│  6 │       4123 │ Rachel Smith │ Percy Pud       │     2024 │  0.673429  │    1.87601 │   0.092715  │ True      │ False     │
│  7 │       4123 │ Rachel Smith │ Hallam Chase    │     2017 │  1.40967   │    1.40967 │   0.01      │ False     │ True      │
╰────┴────────────┴──────────────┴─────────────────┴──────────┴────────────┴────────────┴─────────────┴───────────┴───────────╯
2025-08-11 20:43:05.848 | INFO     | __main__:process_entries:209 - Excluded results:
 ╭────┬────────────┬──────────────┬─────────────────┬──────────┬────────────┬────────────┬─────────────┬───────────┬───────────╮
│    │   Racer_ID │ Racer_Name   │ Race_Name       │   Season │     ZScore │   Zpred_mu │   Zpred_sig │ outlier   │ include   │
├────┼────────────┼──────────────┼─────────────────┼──────────┼────────────┼────────────┼─────────────┼───────────┼───────────┤
│  0 │       4123 │ Rachel Smith │ PR_Hillsborough │     2019 │  0.432544  │    1.70984 │   0.0847496 │ False     │ False     │
│  1 │       4123 │ Rachel Smith │ PR_Hillsborough │     2021 │  0.188514  │    1.41802 │   0.0741135 │ False     │ False     │
│  2 │       4123 │ Rachel Smith │ PR_Hillsborough │     2022 │ -0.0855551 │    1.09028 │   0.0627529 │ False     │ False     │
│  3 │       4123 │ Rachel Smith │ PR_Hillsborough │     2023 │  0.062522  │    1.26736 │   0.0687967 │ False     │ False     │
│  4 │       4123 │ Rachel Smith │ PR_Hillsborough │     2024 │  0.18022   │    1.4081  │   0.0737594 │ False     │ False     │
│  5 │       4123 │ Rachel Smith │ Percy Pud       │     2022 │  1.32591   │    2.67086 │   0.123729  │ True      │ False     │
│  6 │       4123 │ Rachel Smith │ Percy Pud       │     2024 │  0.673429  │    1.87601 │   0.092715  │ True      │ False     │
╰────┴────────────┴──────────────┴─────────────────┴──────────┴────────────┴────────────┴─────────────┴───────────┴───────────╯
2025-08-11 20:43:05.876 | INFO     | __main__:process_entries:169 - Processing entry for michael raynor
2025-08-11 20:43:06.087 | WARNING  | __main__:process_results_for_racer:144 - None has no chase results.
2025-08-11 20:43:06.113 | INFO     | __main__:process_entries:205 - Including 9 in calculation:
 ╭────┬────────────┬────────────────┬─────────────────────────┬──────────┬─────────────┬────────────┬─────────────┬───────────┬───────────╮
│    │   Racer_ID │ Racer_Name     │ Race_Name               │   Season │      ZScore │   Zpred_mu │   Zpred_sig │ outlier   │ include   │
├────┼────────────┼────────────────┼─────────────────────────┼──────────┼─────────────┼────────────┼─────────────┼───────────┼───────────┤
│  0 │       1432 │ Michael Raynor │ Bamford Carnival        │     2024 │ -0.202582   │ -0.0424147 │   0.0443761 │ False     │ True      │
│  1 │       1432 │ Michael Raynor │ Hathersage Gala         │     2024 │  0.0917936  │  0.0662638 │   0.0624964 │ False     │ True      │
│  2 │       1432 │ Michael Raynor │ Hope Wakes              │     2022 │  0.192016   │  0.013663  │   0.0461756 │ False     │ True      │
│  3 │       1432 │ Michael Raynor │ Hope Wakes              │     2023 │  0.305624   │  0.105204  │   0.0441882 │ False     │ True      │
│  4 │       1432 │ Michael Raynor │ Percy Pud               │     2019 │ -1.05589    │ -0.230664  │   0.0362555 │ False     │ True      │
│  5 │       1432 │ Michael Raynor │ Percy Pud               │     2022 │ -0.897975   │ -0.0382855 │   0.0366908 │ False     │ True      │
│  6 │       1432 │ Michael Raynor │ Sheffield Half Marathon │     2021 │ -1.02645    │ -0.161344  │   0.0416838 │ False     │ True      │
│  7 │       1432 │ Michael Raynor │ Tigger Tor              │     2023 │ -0.00367332 │ -0.235347  │   0.0363582 │ False     │ True      │
│  8 │       1432 │ Michael Raynor │ Tigger Tor              │     2024 │ -0.0891122  │ -0.304539  │   0.035228  │ False     │ True      │
╰────┴────────────┴────────────────┴─────────────────────────┴──────────┴─────────────┴────────────┴─────────────┴───────────┴───────────╯
2025-08-11 20:43:06.134 | INFO     | __main__:process_entries:169 - Processing entry for gregg lant
2025-08-11 20:43:07.265 | INFO     | __main__:process_entries:175 - PR time for gregg lant: 00:31:59
2025-08-11 20:43:07.367 | WARNING  | __main__:process_results_for_racer:144 - None has no chase results.
2025-08-11 20:43:07.373 | INFO     | __main__:process_entries:205 - Including 4 in calculation:
 ╭────┬────────────┬──────────────┬─────────────────┬──────────┬────────────┬────────────┬─────────────┬───────────┬───────────╮
│    │   Racer_ID │ Racer_Name   │ Race_Name       │   Season │     ZScore │   Zpred_mu │   Zpred_sig │ outlier   │ include   │
├────┼────────────┼──────────────┼─────────────────┼──────────┼────────────┼────────────┼─────────────┼───────────┼───────────┤
│  0 │      34803 │ Gregg Lant   │ PR_Hillsborough │     2022 │ -0.830781  │   0.199111 │   0.0392892 │ False     │ True      │
│  1 │      34803 │ Gregg Lant   │ PR_Hillsborough │     2023 │ -0.561205  │   0.52148  │   0.0458281 │ False     │ True      │
│  2 │      34803 │ Gregg Lant   │ PR_Hillsborough │     2024 │ -0.748096  │   0.297989 │   0.0409518 │ False     │ True      │
│  3 │      34803 │ Gregg Lant   │ Percy Pud       │     2024 │ -0.0243186 │   1.02601  │   0.0618182 │ False     │ True      │
╰────┴────────────┴──────────────┴─────────────────┴──────────┴────────────┴────────────┴─────────────┴───────────┴───────────╯
2025-08-11 20:43:07.397 | INFO     | __main__:process_entries:169 - Processing entry for tracey shaw
2025-08-11 20:43:08.683 | INFO     | __main__:process_entries:175 - PR time for tracey shaw: 00:41:20
2025-08-11 20:43:08.812 | WARNING  | __main__:process_results_for_racer:144 - None has no chase results.
2025-08-11 20:43:08.812 | WARNING  | fellpace.analysis_tools:identify_outliers_in_predictions:65 - Not enough data to identify outliers.
2025-08-11 20:43:08.821 | INFO     | __main__:process_entries:205 - Including 2 in calculation:
 ╭────┬────────────┬──────────────┬─────────────────────────┬──────────┬──────────┬────────────┬─────────────┬───────────┬───────────╮
│    │   Racer_ID │ Racer_Name   │ Race_Name               │   Season │   ZScore │   Zpred_mu │   Zpred_sig │ outlier   │ include   │
├────┼────────────┼──────────────┼─────────────────────────┼──────────┼──────────┼────────────┼─────────────┼───────────┼───────────┤
│  0 │       3677 │ Tracey Shaw  │ Percy Pud               │     2022 │  0.64703 │    1.84385 │   0.0914888 │ False     │ True      │
│  1 │       3677 │ Tracey Shaw  │ Sheffield Half Marathon │     2017 │  1.46169 │    2.16246 │   0.111711  │ False     │ True      │
╰────┴────────────┴──────────────┴─────────────────────────┴──────────┴──────────┴────────────┴─────────────┴───────────┴───────────╯
2025-08-11 20:43:08.859 | INFO     | __main__:process_entries:169 - Processing entry for elliott king
2025-08-11 20:43:09.966 | INFO     | __main__:process_entries:175 - PR time for elliott king: 00:28:32
2025-08-11 20:43:10.070 | WARNING  | __main__:process_results_for_racer:144 - None has no chase results.
2025-08-11 20:43:10.081 | INFO     | __main__:process_entries:205 - Including 5 in calculation:
 ╭────┬────────────┬──────────────┬─────────────────┬──────────┬──────────┬────────────┬─────────────┬───────────┬───────────╮
│    │   Racer_ID │ Racer_Name   │ Race_Name       │   Season │   ZScore │   Zpred_mu │   Zpred_sig │ outlier   │ include   │
├────┼────────────┼──────────────┼─────────────────┼──────────┼──────────┼────────────┼─────────────┼───────────┼───────────┤
│  0 │      43087 │ Elliott King │ PR_Endcliffe    │     2023 │ -1.6545  │  -0.693431 │   0.0535092 │ False     │ True      │
│  1 │      43087 │ Elliott King │ PR_Endcliffe    │     2024 │ -1.77394 │  -0.830466 │   0.0576661 │ False     │ True      │
│  2 │      43087 │ Elliott King │ PR_Hillsborough │     2023 │ -1.87015 │  -1.04381  │   0.0517871 │ False     │ True      │
│  3 │      43087 │ Elliott King │ PR_Hillsborough │     2024 │ -1.57035 │  -0.685291 │   0.0426419 │ False     │ True      │
│  4 │      43087 │ Elliott King │ Percy Pud       │     2024 │ -1.1223  │  -0.311561 │   0.036594  │ True      │ False     │
╰────┴────────────┴──────────────┴─────────────────┴──────────┴──────────┴────────────┴─────────────┴───────────┴───────────╯
2025-08-11 20:43:10.084 | INFO     | __main__:process_entries:209 - Excluded results:
 ╭────┬────────────┬──────────────┬─────────────┬──────────┬──────────┬────────────┬─────────────┬───────────┬───────────╮
│    │   Racer_ID │ Racer_Name   │ Race_Name   │   Season │   ZScore │   Zpred_mu │   Zpred_sig │ outlier   │ include   │
├────┼────────────┼──────────────┼─────────────┼──────────┼──────────┼────────────┼─────────────┼───────────┼───────────┤
│  4 │      43087 │ Elliott King │ Percy Pud   │     2024 │  -1.1223 │  -0.311561 │    0.036594 │ True      │ False     │
╰────┴────────────┴──────────────┴─────────────┴──────────┴──────────┴────────────┴─────────────┴───────────┴───────────╯
2025-08-11 20:43:10.098 | INFO     | __main__:process_entries:169 - Processing entry for david langford
2025-08-11 20:43:11.219 | INFO     | __main__:process_entries:175 - PR time for david langford: 00:28:39
2025-08-11 20:43:11.296 | WARNING  | __main__:process_results_for_racer:144 - None has no chase results.
2025-08-11 20:43:11.296 | WARNING  | fellpace.analysis_tools:identify_outliers_in_predictions:65 - Not enough data to identify outliers.
2025-08-11 20:43:11.300 | INFO     | __main__:process_entries:205 - Including 1 in calculation:
 ╭────┬────────────┬────────────────┬─────────────────────────┬──────────┬──────────┬────────────┬─────────────┬───────────┬───────────╮
│    │   Racer_ID │ Racer_Name     │ Race_Name               │   Season │   ZScore │   Zpred_mu │   Zpred_sig │ outlier   │ include   │
├────┼────────────┼────────────────┼─────────────────────────┼──────────┼──────────┼────────────┼─────────────┼───────────┼───────────┤
│  0 │      57711 │ David Langford │ Sheffield Half Marathon │     2022 │ -1.22404 │  -0.345883 │    0.044063 │ False     │ True      │
╰────┴────────────┴────────────────┴─────────────────────────┴──────────┴──────────┴────────────┴─────────────┴───────────┴───────────╯
2025-08-11 20:43:11.317 | INFO     | __main__:process_entries:169 - Processing entry for ben allen
2025-08-11 20:43:12.581 | INFO     | __main__:process_entries:175 - PR time for ben allen: 00:30:55
2025-08-11 20:43:12.727 | INFO     | __main__:process_entries:205 - Including 23 in calculation:
 ╭────┬────────────┬──────────────┬─────────────────────────┬──────────┬───────────┬────────────┬─────────────┬───────────┬───────────╮
│    │   Racer_ID │ Racer_Name   │ Race_Name               │   Season │    ZScore │   Zpred_mu │   Zpred_sig │ outlier   │ include   │
├────┼────────────┼──────────────┼─────────────────────────┼──────────┼───────────┼────────────┼─────────────┼───────────┼───────────┤
│  0 │        415 │ Ben Allen    │ Bamford Carnival        │     2017 │ -0.959765 │  -0.831185 │   0.0498102 │ False     │ True      │
│  1 │        415 │ Ben Allen    │ Bamford Carnival        │     2018 │ -0.928768 │  -0.798895 │   0.0489259 │ False     │ True      │
│  2 │        415 │ Ben Allen    │ Bamford Carnival        │     2021 │ -0.525844 │  -0.379162 │   0.0421218 │ False     │ True      │
│  3 │        415 │ Ben Allen    │ Bamford Carnival        │     2022 │ -0.669578 │  -0.528892 │   0.0434214 │ False     │ True      │
│  4 │        415 │ Ben Allen    │ Grindleford             │     2023 │ -0.720636 │  -0.361215 │   0.0516623 │ False     │ True      │
│  5 │        415 │ Ben Allen    │ Hope Wakes              │     2018 │ -0.829092 │  -0.809106 │   0.0859067 │ False     │ True      │
│  6 │        415 │ Ben Allen    │ Hope Wakes              │     2022 │ -0.109501 │  -0.229288 │   0.0547847 │ False     │ True      │
│  7 │        415 │ Ben Allen    │ Hope Wakes              │     2023 │ -0.309659 │  -0.390567 │   0.0623958 │ False     │ True      │
│  8 │        415 │ Ben Allen    │ PR_Endcliffe            │     2022 │  1.84144  │   3.31759  │   0.169939  │ True      │ False     │
│  9 │        415 │ Ben Allen    │ PR_Hillsborough         │     2021 │ -1.36858  │  -0.444009 │   0.0384896 │ False     │ False     │
│ 10 │        415 │ Ben Allen    │ Sheffield Half Marathon │     2017 │ -1.42971  │  -0.537967 │   0.0481571 │ False     │ True      │
│ 11 │        415 │ Ben Allen    │ Tiger's Trail           │     2017 │ -0.845208 │  -0.633969 │   0.0387359 │ False     │ True      │
│ 12 │        415 │ Ben Allen    │ Tiger's Trail           │     2018 │ -0.716008 │  -0.518494 │   0.0362863 │ False     │ True      │
│ 13 │        415 │ Ben Allen    │ Tiger's Trail           │     2021 │ -0.713743 │  -0.51647  │   0.0362469 │ False     │ True      │
│ 14 │        415 │ Ben Allen    │ Tigger Tor              │     2018 │ -0.587636 │  -0.708266 │   0.0347434 │ False     │ True      │
│ 15 │        415 │ Ben Allen    │ Tigger Tor              │     2022 │ -0.648624 │  -0.757656 │   0.0354163 │ False     │ True      │
│ 16 │        415 │ Ben Allen    │ Tigger Tor              │     2023 │ -0.376728 │  -0.537463 │   0.0336177 │ False     │ True      │
│ 17 │        415 │ Ben Allen    │ Totley Moor             │     2017 │ -0.901068 │  -0.880543 │   0.0256387 │ False     │ True      │
│ 18 │        415 │ Ben Allen    │ Totley Moor             │     2021 │ -0.470611 │  -0.482867 │   0.0209822 │ False     │ True      │
│ 19 │        415 │ Ben Allen    │ Totley Moor             │     2022 │ -0.529856 │  -0.5376   │   0.0213546 │ False     │ True      │
│ 20 │        415 │ Ben Allen    │ Wolf's Pit              │     2018 │ -0.77794  │  -0.862241 │   0.0762281 │ False     │ True      │
│ 21 │        415 │ Ben Allen    │ Wolf's Pit              │     2022 │ -0.43432  │  -0.542598 │   0.0622749 │ False     │ True      │
│ 22 │        415 │ Ben Allen    │ Hallam Chase            │     2018 │ -0.881209 │  -0.881209 │   0.01      │ False     │ True      │
╰────┴────────────┴──────────────┴─────────────────────────┴──────────┴───────────┴────────────┴─────────────┴───────────┴───────────╯
2025-08-11 20:43:12.731 | INFO     | __main__:process_entries:209 - Excluded results:
 ╭────┬────────────┬──────────────┬─────────────────┬──────────┬──────────┬────────────┬─────────────┬───────────┬───────────╮
│    │   Racer_ID │ Racer_Name   │ Race_Name       │   Season │   ZScore │   Zpred_mu │   Zpred_sig │ outlier   │ include   │
├────┼────────────┼──────────────┼─────────────────┼──────────┼──────────┼────────────┼─────────────┼───────────┼───────────┤
│  8 │        415 │ Ben Allen    │ PR_Endcliffe    │     2022 │  1.84144 │   3.31759  │   0.169939  │ True      │ False     │
│  9 │        415 │ Ben Allen    │ PR_Hillsborough │     2021 │ -1.36858 │  -0.444009 │   0.0384896 │ False     │ False     │
╰────┴────────────┴──────────────┴─────────────────┴──────────┴──────────┴────────────┴─────────────┴───────────┴───────────╯
2025-08-11 20:43:12.753 | INFO     | __main__:process_entries:169 - Processing entry for stephen davison
2025-08-11 20:43:13.696 | INFO     | __main__:process_entries:175 - PR time for stephen davison: 00:29:22
2025-08-11 20:43:13.784 | WARNING  | __main__:process_results_for_racer:144 - None has no chase results.
2025-08-11 20:43:13.789 | INFO     | __main__:process_entries:205 - Including 12 in calculation:
 ╭────┬────────────┬─────────────────┬─────────────────────────┬──────────┬──────────┬────────────┬─────────────┬───────────┬───────────╮
│    │   Racer_ID │ Racer_Name      │ Race_Name               │   Season │   ZScore │   Zpred_mu │   Zpred_sig │ outlier   │ include   │
├────┼────────────┼─────────────────┼─────────────────────────┼──────────┼──────────┼────────────┼─────────────┼───────────┼───────────┤
│  0 │       1957 │ Stephen Davison │ PR_Endcliffe            │     2021 │ -1.61322 │  -0.646068 │   0.0521944 │ False     │ False     │
│  1 │       1957 │ Stephen Davison │ PR_Endcliffe            │     2022 │ -1.48706 │  -0.501323 │   0.0486378 │ False     │ False     │
│  2 │       1957 │ Stephen Davison │ PR_Hillsborough         │     2021 │ -1.69125 │  -0.82987  │   0.0459822 │ False     │ False     │
│  3 │       1957 │ Stephen Davison │ PR_Hillsborough         │     2022 │ -1.6002  │  -0.720989 │   0.043415  │ False     │ False     │
│  4 │       1957 │ Stephen Davison │ PR_Hillsborough         │     2023 │ -1.5278  │  -0.634412 │   0.0416045 │ False     │ False     │
│  5 │       1957 │ Stephen Davison │ PR_Hillsborough         │     2024 │ -0.60786 │   0.465688 │   0.0444835 │ True      │ False     │
│  6 │       1957 │ Stephen Davison │ Percy Pud               │     2017 │ -1.92934 │  -1.2947   │   0.0586298 │ False     │ True      │
│  7 │       1957 │ Stephen Davison │ Percy Pud               │     2018 │ -2.07074 │  -1.46695  │   0.0643993 │ False     │ True      │
│  8 │       1957 │ Stephen Davison │ Percy Pud               │     2019 │ -1.93924 │  -1.30676  │   0.0590241 │ False     │ True      │
│  9 │       1957 │ Stephen Davison │ Percy Pud               │     2021 │ -1.64114 │  -0.943614 │   0.0480269 │ False     │ True      │
│ 10 │       1957 │ Stephen Davison │ Percy Pud               │     2022 │ -1.34965 │  -0.588522 │   0.0399244 │ False     │ True      │
│ 11 │       1957 │ Stephen Davison │ Sheffield Half Marathon │     2017 │ -1.7762  │  -0.861568 │   0.0577603 │ False     │ True      │
╰────┴────────────┴─────────────────┴─────────────────────────┴──────────┴──────────┴────────────┴─────────────┴───────────┴───────────╯
2025-08-11 20:43:13.793 | INFO     | __main__:process_entries:209 - Excluded results:
 ╭────┬────────────┬─────────────────┬─────────────────┬──────────┬──────────┬────────────┬─────────────┬───────────┬───────────╮
│    │   Racer_ID │ Racer_Name      │ Race_Name       │   Season │   ZScore │   Zpred_mu │   Zpred_sig │ outlier   │ include   │
├────┼────────────┼─────────────────┼─────────────────┼──────────┼──────────┼────────────┼─────────────┼───────────┼───────────┤
│  0 │       1957 │ Stephen Davison │ PR_Endcliffe    │     2021 │ -1.61322 │  -0.646068 │   0.0521944 │ False     │ False     │
│  1 │       1957 │ Stephen Davison │ PR_Endcliffe    │     2022 │ -1.48706 │  -0.501323 │   0.0486378 │ False     │ False     │
│  2 │       1957 │ Stephen Davison │ PR_Hillsborough │     2021 │ -1.69125 │  -0.82987  │   0.0459822 │ False     │ False     │
│  3 │       1957 │ Stephen Davison │ PR_Hillsborough │     2022 │ -1.6002  │  -0.720989 │   0.043415  │ False     │ False     │
│  4 │       1957 │ Stephen Davison │ PR_Hillsborough │     2023 │ -1.5278  │  -0.634412 │   0.0416045 │ False     │ False     │
│  5 │       1957 │ Stephen Davison │ PR_Hillsborough │     2024 │ -0.60786 │   0.465688 │   0.0444835 │ True      │ False     │
╰────┴────────────┴─────────────────┴─────────────────┴──────────┴──────────┴────────────┴─────────────┴───────────┴───────────╯
2025-08-11 20:43:13.806 | INFO     | __main__:process_entries:169 - Processing entry for brian noble
2025-08-11 20:43:14.732 | INFO     | __main__:process_entries:175 - PR time for brian noble: 00:33:21
2025-08-11 20:43:14.823 | WARNING  | __main__:process_results_for_racer:144 - None has no chase results.
2025-08-11 20:43:14.831 | INFO     | __main__:process_entries:205 - Including 11 in calculation:
 ╭────┬────────────┬──────────────┬─────────────────────────┬──────────┬────────────┬────────────┬─────────────┬───────────┬───────────╮
│    │   Racer_ID │ Racer_Name   │ Race_Name               │   Season │     ZScore │   Zpred_mu │   Zpred_sig │ outlier   │ include   │
├────┼────────────┼──────────────┼─────────────────────────┼──────────┼────────────┼────────────┼─────────────┼───────────┼───────────┤
│  0 │        978 │ Brian Noble  │ PR_Endcliffe            │     2021 │ -0.0912757 │   1.10011  │   0.0710213 │ False     │ False     │
│  1 │        978 │ Brian Noble  │ PR_Endcliffe            │     2022 │ -0.329377  │   0.826932 │   0.0610306 │ False     │ False     │
│  2 │        978 │ Brian Noble  │ PR_Endcliffe            │     2023 │ -0.70804   │   0.392478 │   0.0485518 │ False     │ False     │
│  3 │        978 │ Brian Noble  │ PR_Hillsborough         │     2019 │ -0.0907821 │   1.08403  │   0.0625443 │ False     │ False     │
│  4 │        978 │ Brian Noble  │ PR_Hillsborough         │     2021 │ -0.774822  │   0.266028 │   0.0403772 │ False     │ False     │
│  5 │        978 │ Brian Noble  │ Percy Pud               │     2018 │ -0.498795  │   0.447998 │   0.0446532 │ False     │ True      │
│  6 │        978 │ Brian Noble  │ Percy Pud               │     2019 │ -0.543775  │   0.393202 │   0.0433621 │ False     │ True      │
│  7 │        978 │ Brian Noble  │ Percy Pud               │     2022 │ -0.399203  │   0.56932  │   0.0477728 │ False     │ True      │
│  8 │        978 │ Brian Noble  │ Percy Pud               │     2024 │ -0.362507  │   0.614024 │   0.0490026 │ False     │ True      │
│  9 │        978 │ Brian Noble  │ Sheffield Half Marathon │     2018 │ -0.348148  │   0.472159 │   0.0471234 │ False     │ True      │
│ 10 │        978 │ Brian Noble  │ Totley Moor             │     2022 │  0.862841  │   0.749037 │   0.0357347 │ False     │ True      │
╰────┴────────────┴──────────────┴─────────────────────────┴──────────┴────────────┴────────────┴─────────────┴───────────┴───────────╯
2025-08-11 20:43:14.834 | INFO     | __main__:process_entries:209 - Excluded results:
 ╭────┬────────────┬──────────────┬─────────────────┬──────────┬────────────┬────────────┬─────────────┬───────────┬───────────╮
│    │   Racer_ID │ Racer_Name   │ Race_Name       │   Season │     ZScore │   Zpred_mu │   Zpred_sig │ outlier   │ include   │
├────┼────────────┼──────────────┼─────────────────┼──────────┼────────────┼────────────┼─────────────┼───────────┼───────────┤
│  0 │        978 │ Brian Noble  │ PR_Endcliffe    │     2021 │ -0.0912757 │   1.10011  │   0.0710213 │ False     │ False     │
│  1 │        978 │ Brian Noble  │ PR_Endcliffe    │     2022 │ -0.329377  │   0.826932 │   0.0610306 │ False     │ False     │
│  2 │        978 │ Brian Noble  │ PR_Endcliffe    │     2023 │ -0.70804   │   0.392478 │   0.0485518 │ False     │ False     │
│  3 │        978 │ Brian Noble  │ PR_Hillsborough │     2019 │ -0.0907821 │   1.08403  │   0.0625443 │ False     │ False     │
│  4 │        978 │ Brian Noble  │ PR_Hillsborough │     2021 │ -0.774822  │   0.266028 │   0.0403772 │ False     │ False     │
╰────┴────────────┴──────────────┴─────────────────┴──────────┴────────────┴────────────┴─────────────┴───────────┴───────────╯
2025-08-11 20:43:14.847 | INFO     | __main__:process_entries:169 - Processing entry for laurence baxter
2025-08-11 20:43:15.725 | INFO     | __main__:process_entries:175 - PR time for laurence baxter: 00:24:54
2025-08-11 20:43:15.798 | WARNING  | __main__:process_results_for_racer:144 - None has no chase results.
2025-08-11 20:43:15.799 | WARNING  | fellpace.analysis_tools:identify_outliers_in_predictions:65 - Not enough data to identify outliers.
2025-08-11 20:43:15.801 | INFO     | __main__:process_entries:205 - Including 3 in calculation:
 ╭────┬────────────┬─────────────────┬───────────────┬──────────┬──────────┬────────────┬─────────────┬───────────┬───────────╮
│    │   Racer_ID │ Racer_Name      │ Race_Name     │   Season │   ZScore │   Zpred_mu │   Zpred_sig │ outlier   │ include   │
├────┼────────────┼─────────────────┼───────────────┼──────────┼──────────┼────────────┼─────────────┼───────────┼───────────┤
│  0 │        362 │ Laurence Baxter │ Percy Pud     │     2022 │ -1.78218 │   -1.11542 │   0.0529815 │ False     │ True      │
│  1 │        362 │ Laurence Baxter │ Tiger's Trail │     2021 │ -1.65355 │   -1.35644 │   0.0597762 │ False     │ True      │
│  2 │        362 │ Laurence Baxter │ Tigger Tor    │     2022 │ -1.53264 │   -1.47357 │   0.0565326 │ False     │ True      │
╰────┴────────────┴─────────────────┴───────────────┴──────────┴──────────┴────────────┴─────────────┴───────────┴───────────╯
2025-08-11 20:43:15.813 | INFO     | __main__:process_entries:169 - Processing entry for derek brailsford
2025-08-11 20:43:15.888 | WARNING  | fellpace.analysis_tools:identify_outliers_in_predictions:65 - Not enough data to identify outliers.
2025-08-11 20:43:15.891 | INFO     | __main__:process_entries:205 - Including 3 in calculation:
 ╭────┬────────────┬──────────────────┬──────────────┬──────────┬──────────┬────────────┬─────────────┬───────────┬───────────╮
│    │   Racer_ID │ Racer_Name       │ Race_Name    │   Season │   ZScore │   Zpred_mu │   Zpred_sig │ outlier   │ include   │
├────┼────────────┼──────────────────┼──────────────┼──────────┼──────────┼────────────┼─────────────┼───────────┼───────────┤
│  0 │       4530 │ Derek Brailsford │ Tigger Tor   │     2016 │  2.94559 │    2.1531  │    0.132609 │ False     │ True      │
│  1 │       4530 │ Derek Brailsford │ Hallam Chase │     2024 │  2.60833 │    2.60833 │    0.01     │ False     │ True      │
│  2 │       4530 │ Derek Brailsford │ Hallam Chase │     2023 │  2.82339 │    2.82339 │    0.01     │ False     │ True      │
╰────┴────────────┴──────────────────┴──────────────┴──────────┴──────────┴────────────┴─────────────┴───────────┴───────────╯
2025-08-11 20:43:15.902 | INFO     | __main__:process_entries:169 - Processing entry for rob hale
2025-08-11 20:43:16.755 | INFO     | __main__:process_entries:175 - PR time for rob hale: 00:29:30
2025-08-11 20:43:16.841 | INFO     | __main__:process_entries:205 - Including 6 in calculation:
 ╭────┬────────────┬──────────────┬─────────────────┬──────────┬────────────┬────────────┬─────────────┬───────────┬───────────╮
│    │   Racer_ID │ Racer_Name   │ Race_Name       │   Season │     ZScore │   Zpred_mu │   Zpred_sig │ outlier   │ include   │
├────┼────────────┼──────────────┼─────────────────┼──────────┼────────────┼────────────┼─────────────┼───────────┼───────────┤
│  0 │      46648 │ Rob Hale     │ PR_Endcliffe    │     2023 │ -0.639854  │  0.47071   │   0.0503714 │ True      │ False     │
│  1 │      46648 │ Rob Hale     │ PR_Endcliffe    │     2024 │ -1.33405   │ -0.325765  │   0.0454346 │ False     │ False     │
│  2 │      46648 │ Rob Hale     │ PR_Hillsborough │     2024 │ -1.36735   │ -0.442543  │   0.0384708 │ False     │ False     │
│  3 │      46648 │ Rob Hale     │ Percy Pud       │     2024 │ -1.1084    │ -0.294631  │   0.0364979 │ False     │ True      │
│  4 │      46648 │ Rob Hale     │ Totley Moor     │     2023 │ -0.0362786 │ -0.0816109 │   0.0214992 │ False     │ True      │
│  5 │      46648 │ Rob Hale     │ Hallam Chase    │     2024 │ -0.0033011 │ -0.0033011 │   0.01      │ False     │ True      │
╰────┴────────────┴──────────────┴─────────────────┴──────────┴────────────┴────────────┴─────────────┴───────────┴───────────╯
2025-08-11 20:43:16.844 | INFO     | __main__:process_entries:209 - Excluded results:
 ╭────┬────────────┬──────────────┬─────────────────┬──────────┬───────────┬────────────┬─────────────┬───────────┬───────────╮
│    │   Racer_ID │ Racer_Name   │ Race_Name       │   Season │    ZScore │   Zpred_mu │   Zpred_sig │ outlier   │ include   │
├────┼────────────┼──────────────┼─────────────────┼──────────┼───────────┼────────────┼─────────────┼───────────┼───────────┤
│  0 │      46648 │ Rob Hale     │ PR_Endcliffe    │     2023 │ -0.639854 │   0.47071  │   0.0503714 │ True      │ False     │
│  1 │      46648 │ Rob Hale     │ PR_Endcliffe    │     2024 │ -1.33405  │  -0.325765 │   0.0454346 │ False     │ False     │
│  2 │      46648 │ Rob Hale     │ PR_Hillsborough │     2024 │ -1.36735  │  -0.442543 │   0.0384708 │ False     │ False     │
╰────┴────────────┴──────────────┴─────────────────┴──────────┴───────────┴────────────┴─────────────┴───────────┴───────────╯
2025-08-11 20:43:16.856 | INFO     | __main__:process_entries:169 - Processing entry for helen young
2025-08-11 20:43:17.642 | INFO     | __main__:process_entries:175 - PR time for helen young: 00:36:32
2025-08-11 20:43:17.732 | INFO     | __main__:process_entries:205 - Including 22 in calculation:
 ╭────┬────────────┬──────────────┬─────────────────────────┬──────────┬────────────┬────────────┬─────────────┬───────────┬───────────╮
│    │   Racer_ID │ Racer_Name   │ Race_Name               │   Season │     ZScore │   Zpred_mu │   Zpred_sig │ outlier   │ include   │
├────┼────────────┼──────────────┼─────────────────────────┼──────────┼────────────┼────────────┼─────────────┼───────────┼───────────┤
│  0 │        577 │ Helen Young  │ Exterminator            │     2016 │  0.286703  │  0.0405191 │   0.117347  │ False     │ False     │
│  1 │        577 │ Helen Young  │ Exterminator            │     2018 │  0.449075  │  0.178907  │   0.131603  │ False     │ False     │
│  2 │        577 │ Helen Young  │ Exterminator            │     2019 │  0.496593  │  0.219406  │   0.13604   │ False     │ False     │
│  3 │        577 │ Helen Young  │ Hathersage Gala         │     2018 │  0.484229  │  0.419813  │   0.0659788 │ False     │ True      │
│  4 │        577 │ Helen Young  │ Hope Wakes              │     2019 │  0.841268  │  0.536805  │   0.0468662 │ False     │ True      │
│  5 │        577 │ Helen Young  │ PR_Endcliffe            │     2023 │  0.157246  │  1.38525   │   0.0824587 │ False     │ False     │
│  6 │        577 │ Helen Young  │ PR_Hillsborough         │     2021 │  0.0809212 │  1.28936   │   0.0695641 │ False     │ False     │
│  7 │        577 │ Helen Young  │ Sheffield Half Marathon │     2017 │ -0.327175  │  0.491746  │   0.0475895 │ False     │ True      │
│  8 │        577 │ Helen Young  │ Sheffield Half Marathon │     2018 │ -0.275691  │  0.53983   │   0.0487911 │ False     │ True      │
│  9 │        577 │ Helen Young  │ Sheffield Half Marathon │     2021 │  0.190892  │  0.975596  │   0.0625426 │ False     │ True      │
│ 10 │        577 │ Helen Young  │ Sheffield Half Marathon │     2023 │  0.231257  │  1.01329   │   0.0639123 │ False     │ True      │
│ 11 │        577 │ Helen Young  │ Tiger's Trail           │     2017 │  0.531244  │  0.596257  │   0.0404153 │ False     │ True      │
│ 12 │        577 │ Helen Young  │ Tiger's Trail           │     2020 │  1.2052    │  1.19861   │   0.0581498 │ False     │ True      │
│ 13 │        577 │ Helen Young  │ Tiger's Trail           │     2021 │  1.26309   │  1.25036   │   0.0598595 │ False     │ True      │
│ 14 │        577 │ Helen Young  │ Tigger Tor              │     2016 │  0.509194  │  0.179995  │   0.0476382 │ False     │ True      │
│ 15 │        577 │ Helen Young  │ Tigger Tor              │     2021 │  1.5275    │  1.00467   │   0.0806061 │ False     │ True      │
│ 16 │        577 │ Helen Young  │ Tigger Tor              │     2022 │  1.03771   │  0.608007  │   0.0638289 │ False     │ True      │
│ 17 │        577 │ Helen Young  │ Tigger Tor              │     2023 │  1.31104   │  0.829362  │   0.0730572 │ False     │ True      │
│ 18 │        577 │ Helen Young  │ Tigger Tor              │     2024 │  0.954841  │  0.5409    │   0.0611195 │ False     │ True      │
│ 19 │        577 │ Helen Young  │ Totley Moor             │     2020 │  1.37174   │  1.21918   │   0.0468815 │ False     │ True      │
│ 20 │        577 │ Helen Young  │ Wolf's Pit              │     2018 │  0.299618  │  0.14013   │   0.0553101 │ False     │ True      │
│ 21 │        577 │ Helen Young  │ Hallam Chase            │     2024 │  0.845219  │  0.845219  │   0.01      │ False     │ True      │
╰────┴────────────┴──────────────┴─────────────────────────┴──────────┴────────────┴────────────┴─────────────┴───────────┴───────────╯
2025-08-11 20:43:17.735 | INFO     | __main__:process_entries:209 - Excluded results:
 ╭────┬────────────┬──────────────┬─────────────────┬──────────┬───────────┬────────────┬─────────────┬───────────┬───────────╮
│    │   Racer_ID │ Racer_Name   │ Race_Name       │   Season │    ZScore │   Zpred_mu │   Zpred_sig │ outlier   │ include   │
├────┼────────────┼──────────────┼─────────────────┼──────────┼───────────┼────────────┼─────────────┼───────────┼───────────┤
│  0 │        577 │ Helen Young  │ Exterminator    │     2016 │ 0.286703  │  0.0405191 │   0.117347  │ False     │ False     │
│  1 │        577 │ Helen Young  │ Exterminator    │     2018 │ 0.449075  │  0.178907  │   0.131603  │ False     │ False     │
│  2 │        577 │ Helen Young  │ Exterminator    │     2019 │ 0.496593  │  0.219406  │   0.13604   │ False     │ False     │
│  5 │        577 │ Helen Young  │ PR_Endcliffe    │     2023 │ 0.157246  │  1.38525   │   0.0824587 │ False     │ False     │
│  6 │        577 │ Helen Young  │ PR_Hillsborough │     2021 │ 0.0809212 │  1.28936   │   0.0695641 │ False     │ False     │
╰────┴────────────┴──────────────┴─────────────────┴──────────┴───────────┴────────────┴─────────────┴───────────┴───────────╯
2025-08-11 20:43:17.747 | INFO     | __main__:process_entries:169 - Processing entry for tak cheung wong
2025-08-11 20:43:17.768 | WARNING  | fellpace.extract.racers:secure_racer_id:97 - Racer tak cheung wong not found in database.
2025-08-11 20:43:17.768 | INFO     | fellpace.extract.racers:secure_racer_id:98 - Looking for similar names...
2025-08-11 20:43:18.221 | INFO     | fellpace.extract.racers:secure_racer_id:101 - No similar names found.
2025-08-11 20:43:18.221 | WARNING  | __main__:process_entries:182 - Racer None not found in database.
2025-08-11 20:43:18.221 | WARNING  | __main__:process_entries:191 - Creating blank entry for None as racer not found.
2025-08-11 20:43:18.222 | INFO     | __main__:process_entries:169 - Processing entry for lauren wilson
2025-08-11 20:43:19.005 | INFO     | __main__:process_entries:175 - PR time for lauren wilson: 00:29:30
2025-08-11 20:43:19.085 | WARNING  | __main__:process_results_for_racer:144 - None has no chase results.
2025-08-11 20:43:19.089 | INFO     | __main__:process_entries:205 - Including 5 in calculation:
 ╭────┬────────────┬───────────────┬─────────────────────────┬──────────┬──────────┬────────────┬─────────────┬───────────┬───────────╮
│    │   Racer_ID │ Racer_Name    │ Race_Name               │   Season │   ZScore │   Zpred_mu │   Zpred_sig │ outlier   │ include   │
├────┼────────────┼───────────────┼─────────────────────────┼──────────┼──────────┼────────────┼─────────────┼───────────┼───────────┤
│  0 │        715 │ Lauren Wilson │ Bamford Carnival        │     2023 │ 0.219068 │   0.396826 │   0.0561203 │ False     │ True      │
│  1 │        715 │ Lauren Wilson │ Hope Wakes              │     2023 │ 0.582601 │   0.328381 │   0.0430582 │ False     │ True      │
│  2 │        715 │ Lauren Wilson │ PR_Endcliffe            │     2022 │ 1.87209  │   3.35276  │   0.171598  │ True      │ False     │
│  3 │        715 │ Lauren Wilson │ Sheffield Half Marathon │     2021 │ 0.151349 │   0.938664 │   0.0612224 │ True      │ False     │
│  4 │        715 │ Lauren Wilson │ Tiger's Trail           │     2022 │ 0.399471 │   0.478482 │   0.0376951 │ False     │ True      │
╰────┴────────────┴───────────────┴─────────────────────────┴──────────┴──────────┴────────────┴─────────────┴───────────┴───────────╯
2025-08-11 20:43:19.091 | INFO     | __main__:process_entries:209 - Excluded results:
 ╭────┬────────────┬───────────────┬─────────────────────────┬──────────┬──────────┬────────────┬─────────────┬───────────┬───────────╮
│    │   Racer_ID │ Racer_Name    │ Race_Name               │   Season │   ZScore │   Zpred_mu │   Zpred_sig │ outlier   │ include   │
├────┼────────────┼───────────────┼─────────────────────────┼──────────┼──────────┼────────────┼─────────────┼───────────┼───────────┤
│  2 │        715 │ Lauren Wilson │ PR_Endcliffe            │     2022 │ 1.87209  │   3.35276  │   0.171598  │ True      │ False     │
│  3 │        715 │ Lauren Wilson │ Sheffield Half Marathon │     2021 │ 0.151349 │   0.938664 │   0.0612224 │ True      │ False     │
╰────┴────────────┴───────────────┴─────────────────────────┴──────────┴──────────┴────────────┴─────────────┴───────────┴───────────╯
2025-08-11 20:43:19.108 | INFO     | __main__:process_entries:169 - Processing entry for christopher moss
2025-08-11 20:43:19.964 | INFO     | __main__:process_entries:175 - PR time for christopher moss: 00:25:40
2025-08-11 20:43:20.057 | INFO     | __main__:process_entries:205 - Including 19 in calculation:
 ╭────┬────────────┬──────────────────┬─────────────────────────┬──────────┬───────────┬────────────┬─────────────┬───────────┬───────────╮
│    │   Racer_ID │ Racer_Name       │ Race_Name               │   Season │    ZScore │   Zpred_mu │   Zpred_sig │ outlier   │ include   │
├────┼────────────┼──────────────────┼─────────────────────────┼──────────┼───────────┼────────────┼─────────────┼───────────┼───────────┤
│  0 │       1277 │ Christopher Moss │ Bamford Carnival        │     2021 │ -1.03243  │  -0.906886 │   0.0520379 │ False     │ True      │
│  1 │       1277 │ Christopher Moss │ Bamford Carnival        │     2023 │ -0.894112 │  -0.762793 │   0.0479879 │ True      │ False     │
│  2 │       1277 │ Christopher Moss │ PR_Endcliffe            │     2021 │ -1.9359   │  -1.0163   │   0.0639898 │ False     │ False     │
│  3 │       1277 │ Christopher Moss │ PR_Endcliffe            │     2022 │ -1.95154  │  -1.03424  │   0.0646348 │ False     │ False     │
│  4 │       1277 │ Christopher Moss │ PR_Endcliffe            │     2023 │ -2.04368  │  -1.13996  │   0.068539  │ False     │ False     │
│  5 │       1277 │ Christopher Moss │ PR_Endcliffe            │     2024 │ -1.96718  │  -1.05218  │   0.0652853 │ False     │ False     │
│  6 │       1277 │ Christopher Moss │ PR_Hillsborough         │     2019 │ -1.95161  │  -1.14122  │   0.0546945 │ False     │ False     │
│  7 │       1277 │ Christopher Moss │ PR_Hillsborough         │     2021 │ -2.05837  │  -1.26889  │   0.0587007 │ False     │ False     │
│  8 │       1277 │ Christopher Moss │ PR_Hillsborough         │     2022 │ -2.06303  │  -1.27446  │   0.05888   │ False     │ False     │
│  9 │       1277 │ Christopher Moss │ PR_Hillsborough         │     2023 │ -2.03131  │  -1.23653  │   0.0576666 │ False     │ False     │
│ 10 │       1277 │ Christopher Moss │ PR_Hillsborough         │     2024 │ -2.02476  │  -1.22869  │   0.0574179 │ False     │ False     │
│ 11 │       1277 │ Christopher Moss │ Percy Pud               │     2017 │ -1.76789  │  -1.09801  │   0.0524567 │ False     │ True      │
│ 12 │       1277 │ Christopher Moss │ Percy Pud               │     2018 │ -1.83696  │  -1.18216  │   0.0550347 │ False     │ True      │
│ 13 │       1277 │ Christopher Moss │ Percy Pud               │     2021 │ -1.89644  │  -1.25462  │   0.0573318 │ False     │ True      │
│ 14 │       1277 │ Christopher Moss │ Percy Pud               │     2022 │ -1.67227  │  -0.981538 │   0.0490746 │ False     │ True      │
│ 15 │       1277 │ Christopher Moss │ Percy Pud               │     2024 │ -1.90717  │  -1.2677   │   0.0577532 │ False     │ True      │
│ 16 │       1277 │ Christopher Moss │ Sheffield Half Marathon │     2021 │ -2.10861  │  -1.17203  │   0.0690044 │ False     │ True      │
│ 17 │       1277 │ Christopher Moss │ Sheffield Half Marathon │     2023 │ -2.08537  │  -1.15032  │   0.0681735 │ False     │ True      │
│ 18 │       1277 │ Christopher Moss │ Hallam Chase            │     2021 │ -0.360157 │  -0.360157 │   0.01      │ True      │ False     │
╰────┴────────────┴──────────────────┴─────────────────────────┴──────────┴───────────┴────────────┴─────────────┴───────────┴───────────╯
2025-08-11 20:43:20.060 | INFO     | __main__:process_entries:209 - Excluded results:
 ╭────┬────────────┬──────────────────┬──────────────────┬──────────┬───────────┬────────────┬─────────────┬───────────┬───────────╮
│    │   Racer_ID │ Racer_Name       │ Race_Name        │   Season │    ZScore │   Zpred_mu │   Zpred_sig │ outlier   │ include   │
├────┼────────────┼──────────────────┼──────────────────┼──────────┼───────────┼────────────┼─────────────┼───────────┼───────────┤
│  1 │       1277 │ Christopher Moss │ Bamford Carnival │     2023 │ -0.894112 │  -0.762793 │   0.0479879 │ True      │ False     │
│  2 │       1277 │ Christopher Moss │ PR_Endcliffe     │     2021 │ -1.9359   │  -1.0163   │   0.0639898 │ False     │ False     │
│  3 │       1277 │ Christopher Moss │ PR_Endcliffe     │     2022 │ -1.95154  │  -1.03424  │   0.0646348 │ False     │ False     │
│  4 │       1277 │ Christopher Moss │ PR_Endcliffe     │     2023 │ -2.04368  │  -1.13996  │   0.068539  │ False     │ False     │
│  5 │       1277 │ Christopher Moss │ PR_Endcliffe     │     2024 │ -1.96718  │  -1.05218  │   0.0652853 │ False     │ False     │
│  6 │       1277 │ Christopher Moss │ PR_Hillsborough  │     2019 │ -1.95161  │  -1.14122  │   0.0546945 │ False     │ False     │
│  7 │       1277 │ Christopher Moss │ PR_Hillsborough  │     2021 │ -2.05837  │  -1.26889  │   0.0587007 │ False     │ False     │
│  8 │       1277 │ Christopher Moss │ PR_Hillsborough  │     2022 │ -2.06303  │  -1.27446  │   0.05888   │ False     │ False     │
│  9 │       1277 │ Christopher Moss │ PR_Hillsborough  │     2023 │ -2.03131  │  -1.23653  │   0.0576666 │ False     │ False     │
│ 10 │       1277 │ Christopher Moss │ PR_Hillsborough  │     2024 │ -2.02476  │  -1.22869  │   0.0574179 │ False     │ False     │
│ 18 │       1277 │ Christopher Moss │ Hallam Chase     │     2021 │ -0.360157 │  -0.360157 │   0.01      │ True      │ False     │
╰────┴────────────┴──────────────────┴──────────────────┴──────────┴───────────┴────────────┴─────────────┴───────────┴───────────╯
2025-08-11 20:43:20.072 | INFO     | __main__:process_entries:169 - Processing entry for helen elleker
2025-08-11 20:43:20.823 | INFO     | __main__:process_entries:175 - PR time for helen elleker: 00:39:37
2025-08-11 20:43:20.911 | INFO     | __main__:process_entries:205 - Including 23 in calculation:
 ╭────┬────────────┬───────────────┬─────────────────────────┬──────────┬──────────┬────────────┬─────────────┬───────────┬───────────╮
│    │   Racer_ID │ Racer_Name    │ Race_Name               │   Season │   ZScore │   Zpred_mu │   Zpred_sig │ outlier   │ include   │
├────┼────────────┼───────────────┼─────────────────────────┼──────────┼──────────┼────────────┼─────────────┼───────────┼───────────┤
│  0 │       1379 │ Helen Elleker │ Bamford Carnival        │     2021 │ 1.40327  │    1.63043 │   0.109864  │ False     │ True      │
│  1 │       1379 │ Helen Elleker │ Bamford Carnival        │     2023 │ 1.66866  │    1.90689 │   0.123301  │ False     │ True      │
│  2 │       1379 │ Helen Elleker │ Grindleford             │     2022 │ 1.03687  │    1.33214 │   0.0819823 │ False     │ True      │
│  3 │       1379 │ Helen Elleker │ Grindleford             │     2024 │ 1.42653  │    1.70758 │   0.0961455 │ False     │ True      │
│  4 │       1379 │ Helen Elleker │ PR_Endcliffe            │     2023 │ 0.317431 │    1.56904 │   0.0901982 │ False     │ False     │
│  5 │       1379 │ Helen Elleker │ PR_Hillsborough         │     2022 │ 0.219892 │    1.45555 │   0.0754584 │ False     │ False     │
│  6 │       1379 │ Helen Elleker │ PR_Hillsborough         │     2023 │ 0.324244 │    1.58033 │   0.0799821 │ False     │ False     │
│  7 │       1379 │ Helen Elleker │ PR_Hillsborough         │     2024 │ 0.105025 │    1.31818 │   0.0705744 │ False     │ False     │
│  8 │       1379 │ Helen Elleker │ Percy Pud               │     2017 │ 0.496923 │    1.66098 │   0.0845784 │ False     │ True      │
│  9 │       1379 │ Helen Elleker │ Percy Pud               │     2019 │ 0.162917 │    1.2541  │   0.0697052 │ False     │ True      │
│ 10 │       1379 │ Helen Elleker │ Percy Pud               │     2021 │ 0.399833 │    1.54271 │   0.0801735 │ False     │ True      │
│ 11 │       1379 │ Helen Elleker │ Percy Pud               │     2022 │ 0.602184 │    1.78921 │   0.0894128 │ False     │ True      │
│ 12 │       1379 │ Helen Elleker │ Percy Pud               │     2024 │ 0.470706 │    1.62905 │   0.0833835 │ False     │ True      │
│ 13 │       1379 │ Helen Elleker │ Sheffield Half Marathon │     2017 │ 0.560891 │    1.32116 │   0.0757775 │ False     │ True      │
│ 14 │       1379 │ Helen Elleker │ Sheffield Half Marathon │     2018 │ 0.545281 │    1.30658 │   0.0751929 │ False     │ True      │
│ 15 │       1379 │ Helen Elleker │ Tiger's Trail           │     2016 │ 1.57965  │    1.53328 │   0.0695033 │ False     │ True      │
│ 16 │       1379 │ Helen Elleker │ Tiger's Trail           │     2017 │ 1.64721  │    1.59367 │   0.0716139 │ False     │ True      │
│ 17 │       1379 │ Helen Elleker │ Tiger's Trail           │     2021 │ 1.69967  │    1.64056 │   0.0732635 │ False     │ True      │
│ 18 │       1379 │ Helen Elleker │ Hallam Chase            │     2024 │ 1.37776  │    1.37776 │   0.01      │ False     │ True      │
│ 19 │       1379 │ Helen Elleker │ Hallam Chase            │     2023 │ 1.62981  │    1.62981 │   0.01      │ False     │ True      │
│ 20 │       1379 │ Helen Elleker │ Hallam Chase            │     2022 │ 1.75962  │    1.75962 │   0.01      │ False     │ True      │
│ 21 │       1379 │ Helen Elleker │ Hallam Chase            │     2021 │ 1.606    │    1.606   │   0.01      │ False     │ True      │
│ 22 │       1379 │ Helen Elleker │ Hallam Chase            │     2019 │ 1.35821  │    1.35821 │   0.01      │ False     │ True      │
╰────┴────────────┴───────────────┴─────────────────────────┴──────────┴──────────┴────────────┴─────────────┴───────────┴───────────╯
2025-08-11 20:43:20.914 | INFO     | __main__:process_entries:209 - Excluded results:
 ╭────┬────────────┬───────────────┬─────────────────┬──────────┬──────────┬────────────┬─────────────┬───────────┬───────────╮
│    │   Racer_ID │ Racer_Name    │ Race_Name       │   Season │   ZScore │   Zpred_mu │   Zpred_sig │ outlier   │ include   │
├────┼────────────┼───────────────┼─────────────────┼──────────┼──────────┼────────────┼─────────────┼───────────┼───────────┤
│  4 │       1379 │ Helen Elleker │ PR_Endcliffe    │     2023 │ 0.317431 │    1.56904 │   0.0901982 │ False     │ False     │
│  5 │       1379 │ Helen Elleker │ PR_Hillsborough │     2022 │ 0.219892 │    1.45555 │   0.0754584 │ False     │ False     │
│  6 │       1379 │ Helen Elleker │ PR_Hillsborough │     2023 │ 0.324244 │    1.58033 │   0.0799821 │ False     │ False     │
│  7 │       1379 │ Helen Elleker │ PR_Hillsborough │     2024 │ 0.105025 │    1.31818 │   0.0705744 │ False     │ False     │
╰────┴────────────┴───────────────┴─────────────────┴──────────┴──────────┴────────────┴─────────────┴───────────┴───────────╯
2025-08-11 20:43:20.925 | INFO     | __main__:process_entries:169 - Processing entry for james thompson
2025-08-11 20:43:21.678 | INFO     | __main__:process_entries:175 - PR time for james thompson: 00:28:23
2025-08-11 20:43:21.775 | INFO     | __main__:process_entries:205 - Including 36 in calculation:
 ╭────┬────────────┬────────────────┬─────────────────────────┬──────────┬───────────┬────────────┬─────────────┬───────────┬───────────╮
│    │   Racer_ID │ Racer_Name     │ Race_Name               │   Season │    ZScore │   Zpred_mu │   Zpred_sig │ outlier   │ include   │
├────┼────────────┼────────────────┼─────────────────────────┼──────────┼───────────┼────────────┼─────────────┼───────────┼───────────┤
│  0 │        367 │ James Thompson │ Bamford Carnival        │     2021 │ -1.42304  │  -1.31379  │   0.0667904 │ False     │ True      │
│  1 │        367 │ James Thompson │ Bamford Carnival        │     2022 │ -1.3032   │  -1.18895  │   0.0618665 │ False     │ True      │
│  2 │        367 │ James Thompson │ Bamford Carnival        │     2023 │ -1.03636  │  -0.910975 │   0.0521641 │ False     │ True      │
│  3 │        367 │ James Thompson │ Bamford Carnival        │     2024 │ -1.08101  │  -0.95749  │   0.0536375 │ False     │ True      │
│  4 │        367 │ James Thompson │ Exterminator            │     2018 │ -0.46975  │  -0.6042   │   0.0872061 │ False     │ False     │
│  5 │        367 │ James Thompson │ Grindleford             │     2017 │ -1.31327  │  -0.932215 │   0.0632992 │ False     │ True      │
│  6 │        367 │ James Thompson │ Grindleford             │     2018 │ -1.59714  │  -1.20573  │   0.0716288 │ False     │ True      │
│  7 │        367 │ James Thompson │ Grindleford             │     2019 │ -1.30182  │  -0.921185 │   0.0629923 │ False     │ True      │
│  8 │        367 │ James Thompson │ Grindleford             │     2022 │ -1.63899  │  -1.24605  │   0.0729577 │ False     │ True      │
│  9 │        367 │ James Thompson │ Grindleford             │     2023 │ -1.51683  │  -1.12834  │   0.0691444 │ False     │ True      │
│ 10 │        367 │ James Thompson │ Hathersage Gala         │     2023 │ -1.08617  │  -0.994976 │   0.100671  │ False     │ True      │
│ 11 │        367 │ James Thompson │ Hope Wakes              │     2023 │ -0.762157 │  -0.755173 │   0.0826782 │ False     │ True      │
│ 12 │        367 │ James Thompson │ Hope Wakes              │     2024 │ -1.09266  │  -1.02147  │   0.0989764 │ False     │ True      │
│ 13 │        367 │ James Thompson │ PR_Endcliffe            │     2022 │ -0.198459 │   0.977139 │   0.0663795 │ True      │ False     │
│ 14 │        367 │ James Thompson │ PR_Endcliffe            │     2023 │  0.20715  │   1.44251  │   0.0848441 │ True      │ False     │
│ 15 │        367 │ James Thompson │ PR_Endcliffe            │     2024 │  0.151339 │   1.37848  │   0.082178  │ True      │ False     │
│ 16 │        367 │ James Thompson │ PR_Hillsborough         │     2023 │ -0.164139 │   0.996307 │   0.0596572 │ True      │ False     │
│ 17 │        367 │ James Thompson │ Percy Pud               │     2017 │ -1.5712   │  -0.858412 │   0.0457827 │ False     │ True      │
│ 18 │        367 │ James Thompson │ Percy Pud               │     2018 │ -1.37546  │  -0.619964 │   0.0404915 │ False     │ True      │
│ 19 │        367 │ James Thompson │ Percy Pud               │     2019 │ -1.48544  │  -0.753932 │   0.0432663 │ False     │ True      │
│ 20 │        367 │ James Thompson │ Percy Pud               │     2021 │  0.166576 │   1.25856  │   0.0698632 │ True      │ False     │
│ 21 │        367 │ James Thompson │ Sheffield Half Marathon │     2017 │ -1.76013  │  -0.846563 │   0.0572583 │ False     │ True      │
│ 22 │        367 │ James Thompson │ Sheffield Half Marathon │     2018 │ -1.32448  │  -0.439692 │   0.045879  │ True      │ False     │
│ 23 │        367 │ James Thompson │ Sheffield Half Marathon │     2023 │ -0.701142 │   0.14248  │   0.0417191 │ True      │ False     │
│ 24 │        367 │ James Thompson │ Tiger's Trail           │     2017 │ -1.05342  │  -0.820058 │   0.043384  │ False     │ True      │
│ 25 │        367 │ James Thompson │ Tiger's Trail           │     2022 │ -1.20769  │  -0.957944 │   0.0472558 │ False     │ True      │
│ 26 │        367 │ James Thompson │ Tigger Tor              │     2021 │ -0.680213 │  -0.783239 │   0.0358213 │ False     │ True      │
│ 27 │        367 │ James Thompson │ Tigger Tor              │     2022 │ -1.43196  │  -1.39204  │   0.0534425 │ False     │ True      │
│ 28 │        367 │ James Thompson │ Tigger Tor              │     2023 │ -0.93455  │  -0.989212 │   0.0403104 │ False     │ True      │
│ 29 │        367 │ James Thompson │ Totley Moor             │     2017 │ -1.21911  │  -1.17436  │   0.0311526 │ False     │ True      │
│ 30 │        367 │ James Thompson │ Totley Moor             │     2021 │ -1.27651  │  -1.22739  │   0.0322617 │ False     │ True      │
│ 31 │        367 │ James Thompson │ Totley Moor             │     2022 │ -1.09636  │  -1.06096  │   0.0288833 │ False     │ True      │
│ 32 │        367 │ James Thompson │ Hallam Chase            │     2022 │ -1.06927  │  -1.06927  │   0.01      │ False     │ True      │
│ 33 │        367 │ James Thompson │ Hallam Chase            │     2021 │ -0.804197 │  -0.804197 │   0.01      │ False     │ True      │
│ 34 │        367 │ James Thompson │ Hallam Chase            │     2019 │ -0.890719 │  -0.890719 │   0.01      │ False     │ True      │
│ 35 │        367 │ James Thompson │ Hallam Chase            │     2018 │ -1.11928  │  -1.11928  │   0.01      │ False     │ True      │
╰────┴────────────┴────────────────┴─────────────────────────┴──────────┴───────────┴────────────┴─────────────┴───────────┴───────────╯
2025-08-11 20:43:21.778 | INFO     | __main__:process_entries:209 - Excluded results:
 ╭────┬────────────┬────────────────┬─────────────────────────┬──────────┬───────────┬────────────┬─────────────┬───────────┬───────────╮
│    │   Racer_ID │ Racer_Name     │ Race_Name               │   Season │    ZScore │   Zpred_mu │   Zpred_sig │ outlier   │ include   │
├────┼────────────┼────────────────┼─────────────────────────┼──────────┼───────────┼────────────┼─────────────┼───────────┼───────────┤
│  4 │        367 │ James Thompson │ Exterminator            │     2018 │ -0.46975  │  -0.6042   │   0.0872061 │ False     │ False     │
│ 13 │        367 │ James Thompson │ PR_Endcliffe            │     2022 │ -0.198459 │   0.977139 │   0.0663795 │ True      │ False     │
│ 14 │        367 │ James Thompson │ PR_Endcliffe            │     2023 │  0.20715  │   1.44251  │   0.0848441 │ True      │ False     │
│ 15 │        367 │ James Thompson │ PR_Endcliffe            │     2024 │  0.151339 │   1.37848  │   0.082178  │ True      │ False     │
│ 16 │        367 │ James Thompson │ PR_Hillsborough         │     2023 │ -0.164139 │   0.996307 │   0.0596572 │ True      │ False     │
│ 20 │        367 │ James Thompson │ Percy Pud               │     2021 │  0.166576 │   1.25856  │   0.0698632 │ True      │ False     │
│ 22 │        367 │ James Thompson │ Sheffield Half Marathon │     2018 │ -1.32448  │  -0.439692 │   0.045879  │ True      │ False     │
│ 23 │        367 │ James Thompson │ Sheffield Half Marathon │     2023 │ -0.701142 │   0.14248  │   0.0417191 │ True      │ False     │
╰────┴────────────┴────────────────┴─────────────────────────┴──────────┴───────────┴────────────┴─────────────┴───────────┴───────────╯
2025-08-11 20:43:21.791 | INFO     | __main__:process_entries:169 - Processing entry for tom hughes
2025-08-11 20:43:22.544 | INFO     | __main__:process_entries:175 - PR time for tom hughes: 00:24:54
2025-08-11 20:43:22.633 | INFO     | __main__:process_entries:205 - Including 22 in calculation:
 ╭────┬────────────┬──────────────┬─────────────────────────┬──────────┬───────────┬────────────┬─────────────┬───────────┬───────────╮
│    │   Racer_ID │ Racer_Name   │ Race_Name               │   Season │    ZScore │   Zpred_mu │   Zpred_sig │ outlier   │ include   │
├────┼────────────┼──────────────┼─────────────────────────┼──────────┼───────────┼────────────┼─────────────┼───────────┼───────────┤
│  0 │        356 │ Tom Hughes   │ Bamford Carnival        │     2023 │ -1.66891  │  -1.56991  │   0.0776255 │ False     │ True      │
│  1 │        356 │ Tom Hughes   │ Exterminator            │     2022 │ -1.26114  │  -1.27869  │   0.139387  │ False     │ False     │
│  2 │        356 │ Tom Hughes   │ Exterminator            │     2023 │ -1.77132  │  -1.71351  │   0.192243  │ False     │ False     │
│  3 │        356 │ Tom Hughes   │ Hathersage Gala         │     2024 │ -1.50488  │  -1.37219  │   0.122821  │ False     │ True      │
│  4 │        356 │ Tom Hughes   │ PR_Endcliffe            │     2022 │ -1.86015  │  -0.929382 │   0.0609463 │ False     │ False     │
│  5 │        356 │ Tom Hughes   │ PR_Endcliffe            │     2023 │ -2.14454  │  -1.25568  │   0.0729905 │ False     │ False     │
│  6 │        356 │ Tom Hughes   │ PR_Endcliffe            │     2024 │ -1.93817  │  -1.0189   │   0.0640831 │ False     │ False     │
│  7 │        356 │ Tom Hughes   │ PR_Hillsborough         │     2022 │ -0.485253 │   0.612306 │   0.0481703 │ False     │ False     │
│  8 │        356 │ Tom Hughes   │ PR_Hillsborough         │     2023 │ -0.376914 │   0.741862 │   0.051794  │ False     │ False     │
│  9 │        356 │ Tom Hughes   │ PR_Hillsborough         │     2024 │ -0.495203 │   0.600407 │   0.0478534 │ False     │ False     │
│ 10 │        356 │ Tom Hughes   │ Percy Pud               │     2017 │ -0.96046  │  -0.114405 │   0.0363102 │ False     │ True      │
│ 11 │        356 │ Tom Hughes   │ Percy Pud               │     2019 │ -0.589802 │   0.337133 │   0.0421269 │ False     │ True      │
│ 12 │        356 │ Tom Hughes   │ Percy Pud               │     2022 │ -1.60253  │  -0.896572 │   0.0467682 │ False     │ True      │
│ 13 │        356 │ Tom Hughes   │ Percy Pud               │     2024 │ -1.88174  │  -1.23672  │   0.0567579 │ False     │ True      │
│ 14 │        356 │ Tom Hughes   │ Sheffield Half Marathon │     2021 │ -1.86398  │  -0.943553 │   0.0605795 │ False     │ True      │
│ 15 │        356 │ Tom Hughes   │ Sheffield Half Marathon │     2023 │ -0.631624 │   0.207406 │   0.0423767 │ False     │ True      │
│ 16 │        356 │ Tom Hughes   │ Tiger's Trail           │     2022 │ -1.73554  │  -1.42972  │   0.0622281 │ False     │ True      │
│ 17 │        356 │ Tom Hughes   │ Tigger Tor              │     2022 │ -1.73786  │  -1.63977  │   0.063112  │ False     │ True      │
│ 18 │        356 │ Tom Hughes   │ Tigger Tor              │     2024 │ -1.40483  │  -1.37007  │   0.0526284 │ False     │ True      │
│ 19 │        356 │ Tom Hughes   │ Totley Moor             │     2022 │ -1.61957  │  -1.54432  │   0.0393622 │ False     │ True      │
│ 20 │        356 │ Tom Hughes   │ Totley Moor             │     2023 │ -1.63025  │  -1.55419  │   0.0395934 │ False     │ True      │
│ 21 │        356 │ Tom Hughes   │ Hallam Chase            │     2023 │ -1.47394  │  -1.47394  │   0.01      │ False     │ True      │
╰────┴────────────┴──────────────┴─────────────────────────┴──────────┴───────────┴────────────┴─────────────┴───────────┴───────────╯
2025-08-11 20:43:22.636 | INFO     | __main__:process_entries:209 - Excluded results:
 ╭────┬────────────┬──────────────┬─────────────────┬──────────┬───────────┬────────────┬─────────────┬───────────┬───────────╮
│    │   Racer_ID │ Racer_Name   │ Race_Name       │   Season │    ZScore │   Zpred_mu │   Zpred_sig │ outlier   │ include   │
├────┼────────────┼──────────────┼─────────────────┼──────────┼───────────┼────────────┼─────────────┼───────────┼───────────┤
│  1 │        356 │ Tom Hughes   │ Exterminator    │     2022 │ -1.26114  │  -1.27869  │   0.139387  │ False     │ False     │
│  2 │        356 │ Tom Hughes   │ Exterminator    │     2023 │ -1.77132  │  -1.71351  │   0.192243  │ False     │ False     │
│  4 │        356 │ Tom Hughes   │ PR_Endcliffe    │     2022 │ -1.86015  │  -0.929382 │   0.0609463 │ False     │ False     │
│  5 │        356 │ Tom Hughes   │ PR_Endcliffe    │     2023 │ -2.14454  │  -1.25568  │   0.0729905 │ False     │ False     │
│  6 │        356 │ Tom Hughes   │ PR_Endcliffe    │     2024 │ -1.93817  │  -1.0189   │   0.0640831 │ False     │ False     │
│  7 │        356 │ Tom Hughes   │ PR_Hillsborough │     2022 │ -0.485253 │   0.612306 │   0.0481703 │ False     │ False     │
│  8 │        356 │ Tom Hughes   │ PR_Hillsborough │     2023 │ -0.376914 │   0.741862 │   0.051794  │ False     │ False     │
│  9 │        356 │ Tom Hughes   │ PR_Hillsborough │     2024 │ -0.495203 │   0.600407 │   0.0478534 │ False     │ False     │
╰────┴────────────┴──────────────┴─────────────────┴──────────┴───────────┴────────────┴─────────────┴───────────┴───────────╯
2025-08-11 20:43:22.647 | INFO     | __main__:process_entries:169 - Processing entry for rebecca ward
2025-08-11 20:43:23.397 | INFO     | __main__:process_entries:175 - PR time for rebecca ward: 00:27:34
2025-08-11 20:43:23.473 | INFO     | __main__:process_entries:205 - Including 10 in calculation:
 ╭────┬────────────┬──────────────┬─────────────────────────┬──────────┬───────────┬────────────┬─────────────┬───────────┬───────────╮
│    │   Racer_ID │ Racer_Name   │ Race_Name               │   Season │    ZScore │   Zpred_mu │   Zpred_sig │ outlier   │ include   │
├────┼────────────┼──────────────┼─────────────────────────┼──────────┼───────────┼────────────┼─────────────┼───────────┼───────────┤
│  0 │       1538 │ Rebecca Ward │ Grindleford             │     2024 │ -1.24995  │  -0.871202 │   0.0616341 │ False     │ True      │
│  1 │       1538 │ Rebecca Ward │ PR_Endcliffe            │     2022 │ -1.26119  │  -0.242176 │   0.0444108 │ False     │ False     │
│  2 │       1538 │ Rebecca Ward │ PR_Endcliffe            │     2023 │ -1.69757  │  -0.742852 │   0.054951  │ False     │ False     │
│  3 │       1538 │ Rebecca Ward │ PR_Endcliffe            │     2024 │ -1.89413  │  -0.96837  │   0.0622943 │ False     │ False     │
│  4 │       1538 │ Rebecca Ward │ Percy Pud               │     2024 │  1.31089  │   2.65256  │   0.123004  │ True      │ False     │
│  5 │       1538 │ Rebecca Ward │ Sheffield Half Marathon │     2023 │ -1.61762  │  -0.713463 │   0.0530223 │ False     │ True      │
│  6 │       1538 │ Rebecca Ward │ Tigger Tor              │     2023 │ -0.704349 │  -0.802785 │   0.0361557 │ False     │ True      │
│  7 │       1538 │ Rebecca Ward │ Tigger Tor              │     2024 │ -0.944999 │  -0.997674 │   0.0405356 │ False     │ True      │
│  8 │       1538 │ Rebecca Ward │ Totley Moor             │     2023 │ -0.560431 │  -0.565847 │   0.0215852 │ False     │ True      │
│  9 │       1538 │ Rebecca Ward │ Hallam Chase            │     2024 │ -0.512427 │  -0.512427 │   0.01      │ False     │ True      │
╰────┴────────────┴──────────────┴─────────────────────────┴──────────┴───────────┴────────────┴─────────────┴───────────┴───────────╯
2025-08-11 20:43:23.476 | INFO     | __main__:process_entries:209 - Excluded results:
 ╭────┬────────────┬──────────────┬──────────────┬──────────┬──────────┬────────────┬─────────────┬───────────┬───────────╮
│    │   Racer_ID │ Racer_Name   │ Race_Name    │   Season │   ZScore │   Zpred_mu │   Zpred_sig │ outlier   │ include   │
├────┼────────────┼──────────────┼──────────────┼──────────┼──────────┼────────────┼─────────────┼───────────┼───────────┤
│  1 │       1538 │ Rebecca Ward │ PR_Endcliffe │     2022 │ -1.26119 │  -0.242176 │   0.0444108 │ False     │ False     │
│  2 │       1538 │ Rebecca Ward │ PR_Endcliffe │     2023 │ -1.69757 │  -0.742852 │   0.054951  │ False     │ False     │
│  3 │       1538 │ Rebecca Ward │ PR_Endcliffe │     2024 │ -1.89413 │  -0.96837  │   0.0622943 │ False     │ False     │
│  4 │       1538 │ Rebecca Ward │ Percy Pud    │     2024 │  1.31089 │   2.65256  │   0.123004  │ True      │ False     │
╰────┴────────────┴──────────────┴──────────────┴──────────┴──────────┴────────────┴─────────────┴───────────┴───────────╯
2025-08-11 20:43:23.488 | INFO     | __main__:process_entries:169 - Processing entry for scott storey
2025-08-11 20:43:24.280 | INFO     | __main__:process_entries:175 - PR time for scott storey: 00:39:49
2025-08-11 20:43:24.355 | WARNING  | __main__:process_results_for_racer:144 - None has no chase results.
2025-08-11 20:43:24.356 | WARNING  | fellpace.analysis_tools:identify_outliers_in_predictions:65 - Not enough data to identify outliers.
2025-08-11 20:43:24.358 | INFO     | __main__:process_entries:205 - Including 1 in calculation:
 ╭────┬────────────┬──────────────┬─────────────┬──────────┬──────────┬────────────┬─────────────┬───────────┬───────────╮
│    │   Racer_ID │ Racer_Name   │ Race_Name   │   Season │   ZScore │   Zpred_mu │   Zpred_sig │ outlier   │ include   │
├────┼────────────┼──────────────┼─────────────┼──────────┼──────────┼────────────┼─────────────┼───────────┼───────────┤
│  0 │      64664 │ Scott Storey │ Percy Pud   │     2024 │ 0.918038 │    2.17399 │    0.104202 │ False     │ True      │
╰────┴────────────┴──────────────┴─────────────┴──────────┴──────────┴────────────┴─────────────┴───────────┴───────────╯
2025-08-11 20:43:24.367 | INFO     | __main__:process_entries:169 - Processing entry for jane cockerton
2025-08-11 20:43:25.235 | INFO     | __main__:process_entries:175 - PR time for jane cockerton: 00:39:57
2025-08-11 20:43:25.323 | INFO     | __main__:process_entries:205 - Including 17 in calculation:
 ╭────┬────────────┬────────────────┬──────────────────┬──────────┬──────────┬────────────┬─────────────┬───────────┬───────────╮
│    │   Racer_ID │ Racer_Name     │ Race_Name        │   Season │   ZScore │   Zpred_mu │   Zpred_sig │ outlier   │ include   │
├────┼────────────┼────────────────┼──────────────────┼──────────┼──────────┼────────────┼─────────────┼───────────┼───────────┤
│  0 │       4523 │ Jane Cockerton │ Bamford Carnival │     2017 │ 0.846983 │    1.05094 │   0.0827638 │ False     │ True      │
│  1 │       4523 │ Jane Cockerton │ Bamford Carnival │     2018 │ 0.969229 │    1.17828 │   0.0885471 │ False     │ True      │
│  2 │       4523 │ Jane Cockerton │ PR_Endcliffe     │     2022 │ 0.631037 │    1.92885 │   0.105909  │ False     │ False     │
│  3 │       4523 │ Jane Cockerton │ PR_Endcliffe     │     2023 │ 0.627366 │    1.92464 │   0.105722  │ False     │ False     │
│  4 │       4523 │ Jane Cockerton │ PR_Hillsborough  │     2019 │ 0.117456 │    1.33305 │   0.0710975 │ False     │ False     │
│  5 │       4523 │ Jane Cockerton │ PR_Hillsborough  │     2021 │ 0.159683 │    1.38355 │   0.0728847 │ False     │ False     │
│  6 │       4523 │ Jane Cockerton │ PR_Hillsborough  │     2022 │ 0.366693 │    1.6311  │   0.0818426 │ False     │ False     │
│  7 │       4523 │ Jane Cockerton │ PR_Hillsborough  │     2023 │ 0.120425 │    1.3366  │   0.0712227 │ False     │ False     │
│  8 │       4523 │ Jane Cockerton │ PR_Hillsborough  │     2024 │ 0.126876 │    1.34431 │   0.0714949 │ False     │ False     │
│  9 │       4523 │ Jane Cockerton │ Percy Pud        │     2017 │ 2.38225  │    3.95769 │   0.175449  │ True      │ False     │
│ 10 │       4523 │ Jane Cockerton │ Hallam Chase     │     2024 │ 1.74972  │    1.74972 │   0.01      │ False     │ True      │
│ 11 │       4523 │ Jane Cockerton │ Hallam Chase     │     2023 │ 2.35159  │    2.35159 │   0.01      │ False     │ True      │
│ 12 │       4523 │ Jane Cockerton │ Hallam Chase     │     2022 │ 2.38795  │    2.38795 │   0.01      │ False     │ True      │
│ 13 │       4523 │ Jane Cockerton │ Hallam Chase     │     2021 │ 2.24496  │    2.24496 │   0.01      │ False     │ True      │
│ 14 │       4523 │ Jane Cockerton │ Hallam Chase     │     2019 │ 2.17584  │    2.17584 │   0.01      │ False     │ True      │
│ 15 │       4523 │ Jane Cockerton │ Hallam Chase     │     2018 │ 1.60587  │    1.60587 │   0.01      │ False     │ True      │
│ 16 │       4523 │ Jane Cockerton │ Hallam Chase     │     2017 │ 1.03345  │    1.03345 │   0.01      │ False     │ True      │
╰────┴────────────┴────────────────┴──────────────────┴──────────┴──────────┴────────────┴─────────────┴───────────┴───────────╯
2025-08-11 20:43:25.326 | INFO     | __main__:process_entries:209 - Excluded results:
 ╭────┬────────────┬────────────────┬─────────────────┬──────────┬──────────┬────────────┬─────────────┬───────────┬───────────╮
│    │   Racer_ID │ Racer_Name     │ Race_Name       │   Season │   ZScore │   Zpred_mu │   Zpred_sig │ outlier   │ include   │
├────┼────────────┼────────────────┼─────────────────┼──────────┼──────────┼────────────┼─────────────┼───────────┼───────────┤
│  2 │       4523 │ Jane Cockerton │ PR_Endcliffe    │     2022 │ 0.631037 │    1.92885 │   0.105909  │ False     │ False     │
│  3 │       4523 │ Jane Cockerton │ PR_Endcliffe    │     2023 │ 0.627366 │    1.92464 │   0.105722  │ False     │ False     │
│  4 │       4523 │ Jane Cockerton │ PR_Hillsborough │     2019 │ 0.117456 │    1.33305 │   0.0710975 │ False     │ False     │
│  5 │       4523 │ Jane Cockerton │ PR_Hillsborough │     2021 │ 0.159683 │    1.38355 │   0.0728847 │ False     │ False     │
│  6 │       4523 │ Jane Cockerton │ PR_Hillsborough │     2022 │ 0.366693 │    1.6311  │   0.0818426 │ False     │ False     │
│  7 │       4523 │ Jane Cockerton │ PR_Hillsborough │     2023 │ 0.120425 │    1.3366  │   0.0712227 │ False     │ False     │
│  8 │       4523 │ Jane Cockerton │ PR_Hillsborough │     2024 │ 0.126876 │    1.34431 │   0.0714949 │ False     │ False     │
│  9 │       4523 │ Jane Cockerton │ Percy Pud       │     2017 │ 2.38225  │    3.95769 │   0.175449  │ True      │ False     │
╰────┴────────────┴────────────────┴─────────────────┴──────────┴──────────┴────────────┴─────────────┴───────────┴───────────╯
2025-08-11 20:43:25.338 | INFO     | __main__:process_entries:169 - Processing entry for benjamin stevens
2025-08-11 20:43:26.108 | INFO     | __main__:process_entries:175 - PR time for benjamin stevens: 00:25:32
2025-08-11 20:43:26.180 | INFO     | __main__:process_entries:205 - Including 6 in calculation:
 ╭────┬────────────┬──────────────────┬───────────────┬──────────┬───────────┬────────────┬─────────────┬───────────┬───────────╮
│    │   Racer_ID │ Racer_Name       │ Race_Name     │   Season │    ZScore │   Zpred_mu │   Zpred_sig │ outlier   │ include   │
├────┼────────────┼──────────────────┼───────────────┼──────────┼───────────┼────────────┼─────────────┼───────────┼───────────┤
│  0 │      47154 │ Benjamin Stevens │ Grindleford   │     2024 │ -1.62101  │  -1.22872  │   0.0723841 │ False     │ True      │
│  1 │      47154 │ Benjamin Stevens │ PR_Endcliffe  │     2023 │  1.71887  │   3.17697  │   0.163321  │ True      │ False     │
│  2 │      47154 │ Benjamin Stevens │ Percy Pud     │     2024 │ -1.87483  │  -1.22829  │   0.0564894 │ False     │ True      │
│  3 │      47154 │ Benjamin Stevens │ Tiger's Trail │     2023 │ -0.974692 │  -0.749697 │   0.0415384 │ True      │ False     │
│  4 │      47154 │ Benjamin Stevens │ Totley Moor   │     2023 │ -1.2624   │  -1.21436  │   0.0319866 │ False     │ True      │
│  5 │      47154 │ Benjamin Stevens │ Hallam Chase  │     2024 │ -1.09544  │  -1.09544  │   0.01      │ False     │ True      │
╰────┴────────────┴──────────────────┴───────────────┴──────────┴───────────┴────────────┴─────────────┴───────────┴───────────╯
2025-08-11 20:43:26.183 | INFO     | __main__:process_entries:209 - Excluded results:
 ╭────┬────────────┬──────────────────┬───────────────┬──────────┬───────────┬────────────┬─────────────┬───────────┬───────────╮
│    │   Racer_ID │ Racer_Name       │ Race_Name     │   Season │    ZScore │   Zpred_mu │   Zpred_sig │ outlier   │ include   │
├────┼────────────┼──────────────────┼───────────────┼──────────┼───────────┼────────────┼─────────────┼───────────┼───────────┤
│  1 │      47154 │ Benjamin Stevens │ PR_Endcliffe  │     2023 │  1.71887  │   3.17697  │   0.163321  │ True      │ False     │
│  3 │      47154 │ Benjamin Stevens │ Tiger's Trail │     2023 │ -0.974692 │  -0.749697 │   0.0415384 │ True      │ False     │
╰────┴────────────┴──────────────────┴───────────────┴──────────┴───────────┴────────────┴─────────────┴───────────┴───────────╯
2025-08-11 20:43:26.193 | INFO     | __main__:process_entries:169 - Processing entry for daniel hartmann
2025-08-11 20:43:26.948 | INFO     | __main__:process_entries:175 - PR time for daniel hartmann: 00:26:48
2025-08-11 20:43:27.019 | WARNING  | __main__:process_results_for_racer:144 - None has no chase results.
2025-08-11 20:43:27.024 | INFO     | __main__:process_entries:205 - Including 6 in calculation:
 ╭────┬────────────┬─────────────────┬─────────────────────────┬──────────┬──────────┬────────────┬─────────────┬───────────┬───────────╮
│    │   Racer_ID │ Racer_Name      │ Race_Name               │   Season │   ZScore │   Zpred_mu │   Zpred_sig │ outlier   │ include   │
├────┼────────────┼─────────────────┼─────────────────────────┼──────────┼──────────┼────────────┼─────────────┼───────────┼───────────┤
│  0 │      33151 │ Daniel Hartmann │ Bamford Carnival        │     2017 │ -1.01212 │  -0.885722 │   0.0513943 │ False     │ True      │
│  1 │      33151 │ Daniel Hartmann │ Hathersage Gala         │     2019 │ -1.17947 │  -1.07903  │   0.10542   │ False     │ True      │
│  2 │      33151 │ Daniel Hartmann │ PR_Hillsborough         │     2021 │ -1.45239 │  -0.544233 │   0.039969  │ False     │ False     │
│  3 │      33151 │ Daniel Hartmann │ PR_Hillsborough         │     2023 │ -1.8331  │  -0.999506 │   0.0505142 │ False     │ False     │
│  4 │      33151 │ Daniel Hartmann │ PR_Hillsborough         │     2024 │ -1.38041 │  -0.45816  │   0.0386753 │ False     │ False     │
│  5 │      33151 │ Daniel Hartmann │ Sheffield Half Marathon │     2023 │ -1.69729 │  -0.787872 │   0.0553403 │ False     │ True      │
╰────┴────────────┴─────────────────┴─────────────────────────┴──────────┴──────────┴────────────┴─────────────┴───────────┴───────────╯
2025-08-11 20:43:27.027 | INFO     | __main__:process_entries:209 - Excluded results:
 ╭────┬────────────┬─────────────────┬─────────────────┬──────────┬──────────┬────────────┬─────────────┬───────────┬───────────╮
│    │   Racer_ID │ Racer_Name      │ Race_Name       │   Season │   ZScore │   Zpred_mu │   Zpred_sig │ outlier   │ include   │
├────┼────────────┼─────────────────┼─────────────────┼──────────┼──────────┼────────────┼─────────────┼───────────┼───────────┤
│  2 │      33151 │ Daniel Hartmann │ PR_Hillsborough │     2021 │ -1.45239 │  -0.544233 │   0.039969  │ False     │ False     │
│  3 │      33151 │ Daniel Hartmann │ PR_Hillsborough │     2023 │ -1.8331  │  -0.999506 │   0.0505142 │ False     │ False     │
│  4 │      33151 │ Daniel Hartmann │ PR_Hillsborough │     2024 │ -1.38041 │  -0.45816  │   0.0386753 │ False     │ False     │
╰────┴────────────┴─────────────────┴─────────────────┴──────────┴──────────┴────────────┴─────────────┴───────────┴───────────╯
2025-08-11 20:43:27.039 | INFO     | __main__:process_entries:169 - Processing entry for alison noble
2025-08-11 20:43:27.798 | INFO     | __main__:process_entries:175 - PR time for alison noble: 00:36:32
2025-08-11 20:43:27.816 | WARNING  | fellpace.extract.racers:secure_racer_id:97 - Racer alison noble not found in database.
2025-08-11 20:43:27.817 | INFO     | fellpace.extract.racers:secure_racer_id:98 - Looking for similar names...
2025-08-11 20:43:28.235 | INFO     | fellpace.extract.racers:secure_racer_id:101 - No similar names found.
2025-08-11 20:43:28.235 | WARNING  | __main__:process_entries:182 - Racer None not found in database.
2025-08-11 20:43:28.236 | WARNING  | __main__:process_entries:191 - Creating blank entry for None as racer not found.
2025-08-11 20:43:28.236 | INFO     | __main__:process_entries:169 - Processing entry for andrew horsfall
2025-08-11 20:43:28.989 | INFO     | __main__:process_entries:175 - PR time for andrew horsfall: 00:34:19
2025-08-11 20:43:29.011 | WARNING  | fellpace.extract.racers:secure_racer_id:97 - Racer andrew horsfall not found in database.
2025-08-11 20:43:29.012 | INFO     | fellpace.extract.racers:secure_racer_id:98 - Looking for similar names...
2025-08-11 20:43:29.437 | INFO     | fellpace.extract.racers:secure_racer_id:101 - No similar names found.
2025-08-11 20:43:29.437 | WARNING  | __main__:process_entries:182 - Racer None not found in database.
2025-08-11 20:43:29.438 | WARNING  | __main__:process_entries:191 - Creating blank entry for None as racer not found.
2025-08-11 20:43:29.439 | INFO     | __main__:process_entries:169 - Processing entry for jim danson
2025-08-11 20:43:30.171 | INFO     | __main__:process_entries:175 - PR time for jim danson: 00:30:45
2025-08-11 20:43:30.246 | WARNING  | __main__:process_results_for_racer:144 - None has no chase results.
2025-08-11 20:43:30.251 | INFO     | __main__:process_entries:205 - Including 12 in calculation:
 ╭────┬────────────┬──────────────┬─────────────────────────┬──────────┬────────────┬────────────┬─────────────┬───────────┬───────────╮
│    │   Racer_ID │ Racer_Name   │ Race_Name               │   Season │     ZScore │   Zpred_mu │   Zpred_sig │ outlier   │ include   │
├────┼────────────┼──────────────┼─────────────────────────┼──────────┼────────────┼────────────┼─────────────┼───────────┼───────────┤
│  0 │        662 │ Jim Danson   │ Grindleford             │     2024 │ -1.03849   │  -0.667461 │   0.0567179 │ False     │ True      │
│  1 │        662 │ Jim Danson   │ Hathersage Gala         │     2023 │ -0.616924  │  -0.572228 │   0.079323  │ False     │ True      │
│  2 │        662 │ Jim Danson   │ Hope Wakes              │     2023 │ -0.203461  │  -0.304997 │   0.0582129 │ False     │ True      │
│  3 │        662 │ Jim Danson   │ PR_Endcliffe            │     2021 │ -1.36924   │  -0.366141 │   0.0460503 │ False     │ False     │
│  4 │        662 │ Jim Danson   │ PR_Hillsborough         │     2023 │ -1.31355   │  -0.378198 │   0.0377316 │ False     │ False     │
│  5 │        662 │ Jim Danson   │ Percy Pud               │     2017 │ -1.36766   │  -0.610457 │   0.0403165 │ False     │ True      │
│  6 │        662 │ Jim Danson   │ Sheffield Half Marathon │     2017 │  1.10831   │   1.83242  │   0.0972165 │ True      │ False     │
│  7 │        662 │ Jim Danson   │ Sheffield Half Marathon │     2021 │ -0.0347977 │   0.764813 │   0.0553419 │ True      │ False     │
│  8 │        662 │ Jim Danson   │ Sheffield Half Marathon │     2022 │ -0.991997  │  -0.129165 │   0.0414474 │ False     │ True      │
│  9 │        662 │ Jim Danson   │ Tiger's Trail           │     2022 │ -0.592222  │  -0.407859 │   0.0343331 │ False     │ True      │
│ 10 │        662 │ Jim Danson   │ Totley Moor             │     2022 │ -0.416811  │  -0.433164 │   0.0207325 │ False     │ True      │
│ 11 │        662 │ Jim Danson   │ Totley Moor             │     2023 │ -0.782333  │  -0.77085  │   0.0239523 │ False     │ True      │
╰────┴────────────┴──────────────┴─────────────────────────┴──────────┴────────────┴────────────┴─────────────┴───────────┴───────────╯
2025-08-11 20:43:30.253 | INFO     | __main__:process_entries:209 - Excluded results:
 ╭────┬────────────┬──────────────┬─────────────────────────┬──────────┬────────────┬────────────┬─────────────┬───────────┬───────────╮
│    │   Racer_ID │ Racer_Name   │ Race_Name               │   Season │     ZScore │   Zpred_mu │   Zpred_sig │ outlier   │ include   │
├────┼────────────┼──────────────┼─────────────────────────┼──────────┼────────────┼────────────┼─────────────┼───────────┼───────────┤
│  3 │        662 │ Jim Danson   │ PR_Endcliffe            │     2021 │ -1.36924   │  -0.366141 │   0.0460503 │ False     │ False     │
│  4 │        662 │ Jim Danson   │ PR_Hillsborough         │     2023 │ -1.31355   │  -0.378198 │   0.0377316 │ False     │ False     │
│  6 │        662 │ Jim Danson   │ Sheffield Half Marathon │     2017 │  1.10831   │   1.83242  │   0.0972165 │ True      │ False     │
│  7 │        662 │ Jim Danson   │ Sheffield Half Marathon │     2021 │ -0.0347977 │   0.764813 │   0.0553419 │ True      │ False     │
╰────┴────────────┴──────────────┴─────────────────────────┴──────────┴────────────┴────────────┴─────────────┴───────────┴───────────╯
2025-08-11 20:43:30.262 | INFO     | __main__:process_entries:169 - Processing entry for james hickson
2025-08-11 20:43:31.025 | INFO     | __main__:process_entries:175 - PR time for james hickson: 00:31:54
2025-08-11 20:43:31.090 | WARNING  | __main__:process_results_for_racer:144 - None has no chase results.
2025-08-11 20:43:31.090 | WARNING  | fellpace.analysis_tools:identify_outliers_in_predictions:65 - Not enough data to identify outliers.
2025-08-11 20:43:31.092 | INFO     | __main__:process_entries:205 - Including 1 in calculation:
 ╭────┬────────────┬───────────────┬──────────────┬──────────┬──────────┬────────────┬─────────────┬───────────┬───────────╮
│    │   Racer_ID │ Racer_Name    │ Race_Name    │   Season │   ZScore │   Zpred_mu │   Zpred_sig │ outlier   │ include   │
├────┼────────────┼───────────────┼──────────────┼──────────┼──────────┼────────────┼─────────────┼───────────┼───────────┤
│  0 │      67781 │ James Hickson │ PR_Endcliffe │     2024 │  -0.6181 │   0.495669 │   0.0509983 │ False     │ True      │
╰────┴────────────┴───────────────┴──────────────┴──────────┴──────────┴────────────┴─────────────┴───────────┴───────────╯
2025-08-11 20:43:31.103 | INFO     | __main__:process_entries:169 - Processing entry for will carter
2025-08-11 20:43:31.865 | INFO     | __main__:process_entries:175 - PR time for will carter: 00:25:15
2025-08-11 20:43:31.934 | WARNING  | __main__:process_results_for_racer:144 - None has no chase results.
2025-08-11 20:43:31.942 | INFO     | __main__:process_entries:205 - Including 9 in calculation:
 ╭────┬────────────┬──────────────┬─────────────────────────┬──────────┬───────────┬────────────┬─────────────┬───────────┬───────────╮
│    │   Racer_ID │ Racer_Name   │ Race_Name               │   Season │    ZScore │   Zpred_mu │   Zpred_sig │ outlier   │ include   │
├────┼────────────┼──────────────┼─────────────────────────┼──────────┼───────────┼────────────┼─────────────┼───────────┼───────────┤
│  0 │       1833 │ Will Carter  │ Hathersage Gala         │     2022 │ -1.32779  │  -1.21265  │   0.113209  │ False     │ True      │
│  1 │       1833 │ Will Carter  │ PR_Endcliffe            │     2022 │ -2.11892  │  -1.22628  │   0.0718437 │ False     │ False     │
│  2 │       1833 │ Will Carter  │ PR_Endcliffe            │     2023 │ -2.08596  │  -1.18846  │   0.0703842 │ False     │ False     │
│  3 │       1833 │ Will Carter  │ PR_Endcliffe            │     2024 │ -2.3521   │  -1.49381  │   0.0826098 │ False     │ False     │
│  4 │       1833 │ Will Carter  │ PR_Hillsborough         │     2021 │ -2.00295  │  -1.20261  │   0.0565957 │ False     │ False     │
│  5 │       1833 │ Will Carter  │ Percy Pud               │     2022 │ -1.84974  │  -1.19773  │   0.0555224 │ False     │ True      │
│  6 │       1833 │ Will Carter  │ Percy Pud               │     2024 │  0.400323 │   1.54331  │   0.0801955 │ True      │ False     │
│  7 │       1833 │ Will Carter  │ Sheffield Half Marathon │     2018 │ -1.70977  │  -0.799528 │   0.0557152 │ True      │ False     │
│  8 │       1833 │ Will Carter  │ Tiger's Trail           │     2023 │ -2.18362  │  -1.8302   │   0.0761342 │ False     │ True      │
╰────┴────────────┴──────────────┴─────────────────────────┴──────────┴───────────┴────────────┴─────────────┴───────────┴───────────╯
2025-08-11 20:43:31.945 | INFO     | __main__:process_entries:209 - Excluded results:
 ╭────┬────────────┬──────────────┬─────────────────────────┬──────────┬───────────┬────────────┬─────────────┬───────────┬───────────╮
│    │   Racer_ID │ Racer_Name   │ Race_Name               │   Season │    ZScore │   Zpred_mu │   Zpred_sig │ outlier   │ include   │
├────┼────────────┼──────────────┼─────────────────────────┼──────────┼───────────┼────────────┼─────────────┼───────────┼───────────┤
│  1 │       1833 │ Will Carter  │ PR_Endcliffe            │     2022 │ -2.11892  │  -1.22628  │   0.0718437 │ False     │ False     │
│  2 │       1833 │ Will Carter  │ PR_Endcliffe            │     2023 │ -2.08596  │  -1.18846  │   0.0703842 │ False     │ False     │
│  3 │       1833 │ Will Carter  │ PR_Endcliffe            │     2024 │ -2.3521   │  -1.49381  │   0.0826098 │ False     │ False     │
│  4 │       1833 │ Will Carter  │ PR_Hillsborough         │     2021 │ -2.00295  │  -1.20261  │   0.0565957 │ False     │ False     │
│  6 │       1833 │ Will Carter  │ Percy Pud               │     2024 │  0.400323 │   1.54331  │   0.0801955 │ True      │ False     │
│  7 │       1833 │ Will Carter  │ Sheffield Half Marathon │     2018 │ -1.70977  │  -0.799528 │   0.0557152 │ True      │ False     │
╰────┴────────────┴──────────────┴─────────────────────────┴──────────┴───────────┴────────────┴─────────────┴───────────┴───────────╯
2025-08-11 20:43:31.956 | INFO     | __main__:process_entries:169 - Processing entry for ian stinson
2025-08-11 20:43:32.854 | INFO     | __main__:process_entries:175 - PR time for ian stinson: 00:29:30
2025-08-11 20:43:32.945 | INFO     | __main__:process_entries:205 - Including 18 in calculation:
 ╭────┬────────────┬──────────────┬──────────────────┬──────────┬────────────┬────────────┬─────────────┬───────────┬───────────╮
│    │   Racer_ID │ Racer_Name   │ Race_Name        │   Season │     ZScore │   Zpred_mu │   Zpred_sig │ outlier   │ include   │
├────┼────────────┼──────────────┼──────────────────┼──────────┼────────────┼────────────┼─────────────┼───────────┼───────────┤
│  0 │        840 │ Ian Stinson  │ Bamford Carnival │     2019 │ -0.114006  │  0.0498572 │   0.0461541 │ False     │ True      │
│  1 │        840 │ Ian Stinson  │ Bamford Carnival │     2022 │ -0.728781  │ -0.590565  │   0.0443467 │ False     │ True      │
│  2 │        840 │ Ian Stinson  │ Bamford Carnival │     2023 │ -0.560128  │ -0.414876  │   0.0423049 │ False     │ True      │
│  3 │        840 │ Ian Stinson  │ Hathersage Gala  │     2023 │ -0.513025  │ -0.478624  │   0.0753995 │ False     │ True      │
│  4 │        840 │ Ian Stinson  │ Hope Wakes       │     2018 │ -0.377017  │ -0.444842  │   0.0651912 │ False     │ True      │
│  5 │        840 │ Ian Stinson  │ Hope Wakes       │     2023 │ -0.284856  │ -0.370582  │   0.0613929 │ False     │ True      │
│  6 │        840 │ Ian Stinson  │ Hope Wakes       │     2024 │ -0.0290659 │ -0.164476  │   0.0520934 │ False     │ True      │
│  7 │        840 │ Ian Stinson  │ PR_Endcliffe     │     2021 │ -1.33546   │ -0.327391  │   0.0454579 │ False     │ False     │
│  8 │        840 │ Ian Stinson  │ PR_Endcliffe     │     2022 │ -1.42615   │ -0.431439  │   0.0472031 │ False     │ False     │
│  9 │        840 │ Ian Stinson  │ PR_Hillsborough  │     2021 │ -1.06926   │ -0.0860717 │   0.0366572 │ False     │ False     │
│ 10 │        840 │ Ian Stinson  │ PR_Hillsborough  │     2022 │ -1.37163   │ -0.44766   │   0.0385368 │ False     │ False     │
│ 11 │        840 │ Ian Stinson  │ PR_Hillsborough  │     2024 │ -1.07791   │ -0.0964195 │   0.0366287 │ False     │ False     │
│ 12 │        840 │ Ian Stinson  │ Tigger Tor       │     2018 │  0.18372   │ -0.0835876 │   0.0397028 │ False     │ True      │
│ 13 │        840 │ Ian Stinson  │ Totley Moor      │     2016 │ -0.400937  │ -0.418499  │   0.0206754 │ False     │ True      │
│ 14 │        840 │ Ian Stinson  │ Totley Moor      │     2021 │ -0.453474  │ -0.467035  │   0.0208934 │ False     │ True      │
│ 15 │        840 │ Ian Stinson  │ Wolf's Pit       │     2016 │ -0.481474  │ -0.586461  │   0.063913  │ False     │ True      │
│ 16 │        840 │ Ian Stinson  │ Wolf's Pit       │     2022 │  0.0958868 │ -0.0493862 │   0.053241  │ False     │ True      │
│ 17 │        840 │ Ian Stinson  │ Hallam Chase     │     2023 │ -0.434711  │ -0.434711  │   0.01      │ False     │ True      │
╰────┴────────────┴──────────────┴──────────────────┴──────────┴────────────┴────────────┴─────────────┴───────────┴───────────╯
2025-08-11 20:43:32.947 | INFO     | __main__:process_entries:209 - Excluded results:
 ╭────┬────────────┬──────────────┬─────────────────┬──────────┬──────────┬────────────┬─────────────┬───────────┬───────────╮
│    │   Racer_ID │ Racer_Name   │ Race_Name       │   Season │   ZScore │   Zpred_mu │   Zpred_sig │ outlier   │ include   │
├────┼────────────┼──────────────┼─────────────────┼──────────┼──────────┼────────────┼─────────────┼───────────┼───────────┤
│  7 │        840 │ Ian Stinson  │ PR_Endcliffe    │     2021 │ -1.33546 │ -0.327391  │   0.0454579 │ False     │ False     │
│  8 │        840 │ Ian Stinson  │ PR_Endcliffe    │     2022 │ -1.42615 │ -0.431439  │   0.0472031 │ False     │ False     │
│  9 │        840 │ Ian Stinson  │ PR_Hillsborough │     2021 │ -1.06926 │ -0.0860717 │   0.0366572 │ False     │ False     │
│ 10 │        840 │ Ian Stinson  │ PR_Hillsborough │     2022 │ -1.37163 │ -0.44766   │   0.0385368 │ False     │ False     │
│ 11 │        840 │ Ian Stinson  │ PR_Hillsborough │     2024 │ -1.07791 │ -0.0964195 │   0.0366287 │ False     │ False     │
╰────┴────────────┴──────────────┴─────────────────┴──────────┴──────────┴────────────┴─────────────┴───────────┴───────────╯
2025-08-11 20:43:32.960 | INFO     | __main__:process_entries:169 - Processing entry for joel paisley
2025-08-11 20:43:33.040 | WARNING  | __main__:process_results_for_racer:144 - None has no chase results.
2025-08-11 20:43:33.047 | INFO     | __main__:process_entries:205 - Including 7 in calculation:
 ╭────┬────────────┬──────────────┬─────────────────┬──────────┬───────────┬────────────┬─────────────┬───────────┬───────────╮
│    │   Racer_ID │ Racer_Name   │ Race_Name       │   Season │    ZScore │   Zpred_mu │   Zpred_sig │ outlier   │ include   │
├────┼────────────┼──────────────┼─────────────────┼──────────┼───────────┼────────────┼─────────────┼───────────┼───────────┤
│  0 │        795 │ Joel Paisley │ Hathersage Gala │     2024 │ -1.43736  │  -1.31137  │   0.119121  │ False     │ True      │
│  1 │        795 │ Joel Paisley │ PR_Endcliffe    │     2023 │ -2.01215  │  -1.10378  │   0.0671841 │ False     │ False     │
│  2 │        795 │ Joel Paisley │ Percy Pud       │     2024 │ -1.81075  │  -1.15023  │   0.0540442 │ False     │ True      │
│  3 │        795 │ Joel Paisley │ Totley Moor     │     2021 │ -0.587338 │  -0.590705 │   0.0218088 │ False     │ True      │
│  4 │        795 │ Joel Paisley │ Wolf's Pit      │     2016 │ -1.74903  │  -1.76557  │   0.128894  │ False     │ True      │
│  5 │        795 │ Joel Paisley │ Wolf's Pit      │     2018 │ -1.68605  │  -1.70699  │   0.125195  │ False     │ True      │
│  6 │        795 │ Joel Paisley │ Wolf's Pit      │     2022 │ -0.74529  │  -0.83187  │   0.0747303 │ False     │ True      │
╰────┴────────────┴──────────────┴─────────────────┴──────────┴───────────┴────────────┴─────────────┴───────────┴───────────╯
2025-08-11 20:43:33.050 | INFO     | __main__:process_entries:209 - Excluded results:
 ╭────┬────────────┬──────────────┬──────────────┬──────────┬──────────┬────────────┬─────────────┬───────────┬───────────╮
│    │   Racer_ID │ Racer_Name   │ Race_Name    │   Season │   ZScore │   Zpred_mu │   Zpred_sig │ outlier   │ include   │
├────┼────────────┼──────────────┼──────────────┼──────────┼──────────┼────────────┼─────────────┼───────────┼───────────┤
│  1 │        795 │ Joel Paisley │ PR_Endcliffe │     2023 │ -2.01215 │   -1.10378 │   0.0671841 │ False     │ False     │
╰────┴────────────┴──────────────┴──────────────┴──────────┴──────────┴────────────┴─────────────┴───────────┴───────────╯
2025-08-11 20:43:33.060 | INFO     | __main__:process_entries:169 - Processing entry for ben burrell
2025-08-11 20:43:33.828 | INFO     | __main__:process_entries:175 - PR time for ben burrell: 00:26:54
2025-08-11 20:43:33.906 | INFO     | __main__:process_entries:205 - Including 11 in calculation:
 ╭────┬────────────┬──────────────┬──────────────────┬──────────┬───────────┬────────────┬─────────────┬───────────┬───────────╮
│    │   Racer_ID │ Racer_Name   │ Race_Name        │   Season │    ZScore │   Zpred_mu │   Zpred_sig │ outlier   │ include   │
├────┼────────────┼──────────────┼──────────────────┼──────────┼───────────┼────────────┼─────────────┼───────────┼───────────┤
│  0 │       1501 │ Ben Burrell  │ Bamford Carnival │     2021 │ -1.5346   │  -1.43001  │   0.0716017 │ False     │ True      │
│  1 │       1501 │ Ben Burrell  │ PR_Endcliffe     │     2021 │ -2.05986  │  -1.15851  │   0.0692412 │ False     │ False     │
│  2 │       1501 │ Ben Burrell  │ PR_Endcliffe     │     2022 │ -2.19039  │  -1.30828  │   0.075067  │ False     │ False     │
│  3 │       1501 │ Ben Burrell  │ PR_Hillsborough  │     2021 │ -2.00885  │  -1.20967  │   0.0568174 │ False     │ False     │
│  4 │       1501 │ Ben Burrell  │ PR_Hillsborough  │     2022 │ -2.04893  │  -1.2576   │   0.0583387 │ False     │ False     │
│  5 │       1501 │ Ben Burrell  │ PR_Hillsborough  │     2023 │ -1.7318   │  -0.878358 │   0.0472171 │ False     │ False     │
│  6 │       1501 │ Ben Burrell  │ PR_Hillsborough  │     2024 │ -1.92167  │  -1.10541  │   0.0536095 │ False     │ False     │
│  7 │       1501 │ Ben Burrell  │ Tiger's Trail    │     2018 │ -1.75933  │  -1.45098  │   0.0629461 │ False     │ True      │
│  8 │       1501 │ Ben Burrell  │ Totley Moor      │     2021 │ -1.56428  │  -1.49325  │   0.0381735 │ False     │ True      │
│  9 │       1501 │ Ben Burrell  │ Hallam Chase     │     2024 │ -0.538497 │  -0.538497 │   0.01      │ True      │ False     │
│ 10 │       1501 │ Ben Burrell  │ Hallam Chase     │     2023 │ -1.16621  │  -1.16621  │   0.01      │ False     │ True      │
╰────┴────────────┴──────────────┴──────────────────┴──────────┴───────────┴────────────┴─────────────┴───────────┴───────────╯
2025-08-11 20:43:33.908 | INFO     | __main__:process_entries:209 - Excluded results:
 ╭────┬────────────┬──────────────┬─────────────────┬──────────┬───────────┬────────────┬─────────────┬───────────┬───────────╮
│    │   Racer_ID │ Racer_Name   │ Race_Name       │   Season │    ZScore │   Zpred_mu │   Zpred_sig │ outlier   │ include   │
├────┼────────────┼──────────────┼─────────────────┼──────────┼───────────┼────────────┼─────────────┼───────────┼───────────┤
│  1 │       1501 │ Ben Burrell  │ PR_Endcliffe    │     2021 │ -2.05986  │  -1.15851  │   0.0692412 │ False     │ False     │
│  2 │       1501 │ Ben Burrell  │ PR_Endcliffe    │     2022 │ -2.19039  │  -1.30828  │   0.075067  │ False     │ False     │
│  3 │       1501 │ Ben Burrell  │ PR_Hillsborough │     2021 │ -2.00885  │  -1.20967  │   0.0568174 │ False     │ False     │
│  4 │       1501 │ Ben Burrell  │ PR_Hillsborough │     2022 │ -2.04893  │  -1.2576   │   0.0583387 │ False     │ False     │
│  5 │       1501 │ Ben Burrell  │ PR_Hillsborough │     2023 │ -1.7318   │  -0.878358 │   0.0472171 │ False     │ False     │
│  6 │       1501 │ Ben Burrell  │ PR_Hillsborough │     2024 │ -1.92167  │  -1.10541  │   0.0536095 │ False     │ False     │
│  9 │       1501 │ Ben Burrell  │ Hallam Chase    │     2024 │ -0.538497 │  -0.538497 │   0.01      │ True      │ False     │
╰────┴────────────┴──────────────┴─────────────────┴──────────┴───────────┴────────────┴─────────────┴───────────┴───────────╯
2025-08-11 20:43:33.919 | INFO     | __main__:process_entries:169 - Processing entry for ellie crownshaw
2025-08-11 20:43:34.666 | INFO     | __main__:process_entries:175 - PR time for ellie crownshaw: 00:31:33
2025-08-11 20:43:34.739 | INFO     | __main__:process_entries:205 - Including 11 in calculation:
 ╭────┬────────────┬─────────────────┬─────────────────┬──────────┬────────────┬────────────┬─────────────┬───────────┬───────────╮
│    │   Racer_ID │ Racer_Name      │ Race_Name       │   Season │     ZScore │   Zpred_mu │   Zpred_sig │ outlier   │ include   │
├────┼────────────┼─────────────────┼─────────────────┼──────────┼────────────┼────────────┼─────────────┼───────────┼───────────┤
│  0 │       4524 │ Ellie Crownshaw │ PR_Hillsborough │     2023 │ -1.01366   │ -0.0195878 │   0.0369568 │ False     │ False     │
│  1 │       4524 │ Ellie Crownshaw │ PR_Hillsborough │     2024 │ -1.10768   │ -0.132017  │   0.0365681 │ False     │ False     │
│  2 │       4524 │ Ellie Crownshaw │ Percy Pud       │     2018 │ -1.1733    │ -0.373691  │   0.0370586 │ False     │ True      │
│  3 │       4524 │ Ellie Crownshaw │ Totley Moor     │     2021 │  0.104736  │  0.0486651 │   0.0228343 │ False     │ True      │
│  4 │       4524 │ Ellie Crownshaw │ Hallam Chase    │     2024 │  0.110871  │  0.110871  │   0.01      │ False     │ True      │
│  5 │       4524 │ Ellie Crownshaw │ Hallam Chase    │     2023 │  0.0125784 │  0.0125784 │   0.01      │ False     │ True      │
│  6 │       4524 │ Ellie Crownshaw │ Hallam Chase    │     2022 │ -0.314894  │ -0.314894  │   0.01      │ False     │ True      │
│  7 │       4524 │ Ellie Crownshaw │ Hallam Chase    │     2021 │ -0.101155  │ -0.101155  │   0.01      │ False     │ True      │
│  8 │       4524 │ Ellie Crownshaw │ Hallam Chase    │     2019 │ -0.553414  │ -0.553414  │   0.01      │ False     │ True      │
│  9 │       4524 │ Ellie Crownshaw │ Hallam Chase    │     2018 │ -0.721764  │ -0.721764  │   0.01      │ False     │ True      │
│ 10 │       4524 │ Ellie Crownshaw │ Hallam Chase    │     2017 │ -0.658103  │ -0.658103  │   0.01      │ False     │ True      │
╰────┴────────────┴─────────────────┴─────────────────┴──────────┴────────────┴────────────┴─────────────┴───────────┴───────────╯
2025-08-11 20:43:34.741 | INFO     | __main__:process_entries:209 - Excluded results:
 ╭────┬────────────┬─────────────────┬─────────────────┬──────────┬──────────┬────────────┬─────────────┬───────────┬───────────╮
│    │   Racer_ID │ Racer_Name      │ Race_Name       │   Season │   ZScore │   Zpred_mu │   Zpred_sig │ outlier   │ include   │
├────┼────────────┼─────────────────┼─────────────────┼──────────┼──────────┼────────────┼─────────────┼───────────┼───────────┤
│  0 │       4524 │ Ellie Crownshaw │ PR_Hillsborough │     2023 │ -1.01366 │ -0.0195878 │   0.0369568 │ False     │ False     │
│  1 │       4524 │ Ellie Crownshaw │ PR_Hillsborough │     2024 │ -1.10768 │ -0.132017  │   0.0365681 │ False     │ False     │
╰────┴────────────┴─────────────────┴─────────────────┴──────────┴──────────┴────────────┴─────────────┴───────────┴───────────╯
2025-08-11 20:43:34.752 | INFO     | __main__:process_entries:169 - Processing entry for evans sam
2025-08-11 20:43:35.518 | INFO     | __main__:process_entries:175 - PR time for evans sam: 00:26:26
2025-08-11 20:43:35.537 | WARNING  | fellpace.extract.racers:secure_racer_id:97 - Racer evans sam not found in database.
2025-08-11 20:43:35.538 | INFO     | fellpace.extract.racers:secure_racer_id:98 - Looking for similar names...
2025-08-11 20:43:35.953 | INFO     | fellpace.extract.racers:secure_racer_id:101 - No similar names found.
2025-08-11 20:43:35.953 | WARNING  | __main__:process_entries:182 - Racer None not found in database.
2025-08-11 20:43:35.953 | WARNING  | __main__:process_entries:191 - Creating blank entry for None as racer not found.
2025-08-11 20:43:35.955 | INFO     | __main__:process_entries:169 - Processing entry for steve sansom
2025-08-11 20:43:36.707 | INFO     | __main__:process_entries:175 - PR time for steve sansom: 00:30:45
2025-08-11 20:43:36.784 | INFO     | __main__:process_entries:205 - Including 9 in calculation:
 ╭────┬────────────┬──────────────┬─────────────────────────┬──────────┬────────────┬────────────┬─────────────┬───────────┬───────────╮
│    │   Racer_ID │ Racer_Name   │ Race_Name               │   Season │     ZScore │   Zpred_mu │   Zpred_sig │ outlier   │ include   │
├────┼────────────┼──────────────┼─────────────────────────┼──────────┼────────────┼────────────┼─────────────┼───────────┼───────────┤
│  0 │       2642 │ Steve Sansom │ Bamford Carnival        │     2024 │ -0.0260972 │  0.141433  │   0.048329  │ False     │ True      │
│  1 │       2642 │ Steve Sansom │ PR_Endcliffe            │     2022 │ -0.660735  │  0.446752  │   0.0497902 │ False     │ False     │
│  2 │       2642 │ Steve Sansom │ PR_Hillsborough         │     2022 │ -0.854075  │  0.171255  │   0.0388847 │ False     │ False     │
│  3 │       2642 │ Steve Sansom │ PR_Hillsborough         │     2023 │ -0.971059  │  0.0313606 │   0.0373203 │ False     │ False     │
│  4 │       2642 │ Steve Sansom │ Percy Pud               │     2022 │ -0.429327  │  0.532624  │   0.0467941 │ False     │ True      │
│  5 │       2642 │ Steve Sansom │ Percy Pud               │     2024 │ -0.834331  │  0.0392458 │   0.0373495 │ False     │ True      │
│  6 │       2642 │ Steve Sansom │ Sheffield Half Marathon │     2023 │ -0.292189  │  0.524422  │   0.0483974 │ False     │ True      │
│  7 │       2642 │ Steve Sansom │ Hallam Chase            │     2024 │  0.0489023 │  0.0489023 │   0.01      │ False     │ True      │
│  8 │       2642 │ Steve Sansom │ Hallam Chase            │     2022 │  0.662228  │  0.662228  │   0.01      │ False     │ True      │
╰────┴────────────┴──────────────┴─────────────────────────┴──────────┴────────────┴────────────┴─────────────┴───────────┴───────────╯
2025-08-11 20:43:36.788 | INFO     | __main__:process_entries:209 - Excluded results:
 ╭────┬────────────┬──────────────┬─────────────────┬──────────┬───────────┬────────────┬─────────────┬───────────┬───────────╮
│    │   Racer_ID │ Racer_Name   │ Race_Name       │   Season │    ZScore │   Zpred_mu │   Zpred_sig │ outlier   │ include   │
├────┼────────────┼──────────────┼─────────────────┼──────────┼───────────┼────────────┼─────────────┼───────────┼───────────┤
│  1 │       2642 │ Steve Sansom │ PR_Endcliffe    │     2022 │ -0.660735 │  0.446752  │   0.0497902 │ False     │ False     │
│  2 │       2642 │ Steve Sansom │ PR_Hillsborough │     2022 │ -0.854075 │  0.171255  │   0.0388847 │ False     │ False     │
│  3 │       2642 │ Steve Sansom │ PR_Hillsborough │     2023 │ -0.971059 │  0.0313606 │   0.0373203 │ False     │ False     │
╰────┴────────────┴──────────────┴─────────────────┴──────────┴───────────┴────────────┴─────────────┴───────────┴───────────╯
2025-08-11 20:43:36.797 | INFO     | __main__:process_entries:169 - Processing entry for rachel rose
2025-08-11 20:43:37.561 | INFO     | __main__:process_entries:175 - PR time for rachel rose: 00:28:59
2025-08-11 20:43:37.655 | INFO     | __main__:process_entries:205 - Including 27 in calculation:
 ╭────┬────────────┬──────────────┬─────────────────────────┬──────────┬───────────┬────────────┬─────────────┬───────────┬───────────╮
│    │   Racer_ID │ Racer_Name   │ Race_Name               │   Season │    ZScore │   Zpred_mu │   Zpred_sig │ outlier   │ include   │
├────┼────────────┼──────────────┼─────────────────────────┼──────────┼───────────┼────────────┼─────────────┼───────────┼───────────┤
│  0 │        417 │ Rachel Rose  │ Bamford Carnival        │     2021 │ -0.934763 │  -0.80514  │   0.0490937 │ False     │ True      │
│  1 │        417 │ Rachel Rose  │ Bamford Carnival        │     2022 │ -0.941952 │  -0.812629 │   0.049297  │ False     │ True      │
│  2 │        417 │ Rachel Rose  │ Bamford Carnival        │     2023 │ -0.877912 │  -0.745917 │   0.0475686 │ False     │ True      │
│  3 │        417 │ Rachel Rose  │ Bamford Carnival        │     2024 │ -0.901711 │  -0.770709 │   0.0481889 │ False     │ True      │
│  4 │        417 │ Rachel Rose  │ Exterminator            │     2018 │ -0.717432 │  -0.815297 │   0.0964182 │ False     │ False     │
│  5 │        417 │ Rachel Rose  │ Grindleford             │     2018 │ -1.10974  │  -0.736111 │   0.0582544 │ False     │ True      │
│  6 │        417 │ Rachel Rose  │ Grindleford             │     2019 │ -1.12861  │  -0.754297 │   0.0586828 │ False     │ True      │
│  7 │        417 │ Rachel Rose  │ Grindleford             │     2022 │ -1.43177  │  -1.04639  │   0.0666176 │ False     │ True      │
│  8 │        417 │ Rachel Rose  │ Grindleford             │     2023 │ -1.14281  │  -0.767974 │   0.0590107 │ False     │ True      │
│  9 │        417 │ Rachel Rose  │ Hathersage Gala         │     2023 │ -0.722757 │  -0.667574 │   0.083674  │ False     │ True      │
│ 10 │        417 │ Rachel Rose  │ Hope Wakes              │     2023 │ -0.854748 │  -0.829778 │   0.0871553 │ False     │ True      │
│ 11 │        417 │ Rachel Rose  │ Hope Wakes              │     2024 │ -0.976261 │  -0.927689 │   0.0931424 │ False     │ True      │
│ 12 │        417 │ Rachel Rose  │ PR_Endcliffe            │     2024 │ -1.72271  │  -0.771695 │   0.0558234 │ False     │ False     │
│ 13 │        417 │ Rachel Rose  │ Percy Pud               │     2017 │ -1.56189  │  -0.847074 │   0.0454964 │ False     │ True      │
│ 14 │        417 │ Rachel Rose  │ Percy Pud               │     2018 │ -1.5672   │  -0.853543 │   0.0456594 │ False     │ True      │
│ 15 │        417 │ Rachel Rose  │ Sheffield Half Marathon │     2017 │  0.51648  │   1.27968  │   0.0741194 │ True      │ False     │
│ 16 │        417 │ Rachel Rose  │ Sheffield Half Marathon │     2018 │ -1.3084   │  -0.424669 │   0.0455634 │ True      │ False     │
│ 17 │        417 │ Rachel Rose  │ Sheffield Half Marathon │     2021 │ -1.34     │  -0.454179 │   0.0461919 │ True      │ False     │
│ 18 │        417 │ Rachel Rose  │ Sheffield Half Marathon │     2023 │ -0.642863 │   0.196909 │   0.0422556 │ True      │ False     │
│ 19 │        417 │ Rachel Rose  │ Tiger's Trail           │     2017 │ -0.651507 │  -0.460846 │   0.035216  │ True      │ False     │
│ 20 │        417 │ Rachel Rose  │ Tigger Tor              │     2021 │ -0.280446 │  -0.45949  │   0.033757  │ True      │ False     │
│ 21 │        417 │ Rachel Rose  │ Tigger Tor              │     2022 │ -0.611402 │  -0.727513 │   0.0349881 │ False     │ True      │
│ 22 │        417 │ Rachel Rose  │ Tigger Tor              │     2023 │ -0.698799 │  -0.798291 │   0.0360769 │ False     │ True      │
│ 23 │        417 │ Rachel Rose  │ Totley Moor             │     2017 │ -0.494737 │  -0.505156 │   0.0211218 │ False     │ True      │
│ 24 │        417 │ Rachel Rose  │ Totley Moor             │     2021 │ -0.690458 │  -0.685971 │   0.0228345 │ False     │ True      │
│ 25 │        417 │ Rachel Rose  │ Hallam Chase            │     2022 │ -0.712631 │  -0.712631 │   0.01      │ False     │ True      │
│ 26 │        417 │ Rachel Rose  │ Hallam Chase            │     2021 │ -0.48238  │  -0.48238  │   0.01      │ True      │ False     │
╰────┴────────────┴──────────────┴─────────────────────────┴──────────┴───────────┴────────────┴─────────────┴───────────┴───────────╯
2025-08-11 20:43:37.658 | INFO     | __main__:process_entries:209 - Excluded results:
 ╭────┬────────────┬──────────────┬─────────────────────────┬──────────┬───────────┬────────────┬─────────────┬───────────┬───────────╮
│    │   Racer_ID │ Racer_Name   │ Race_Name               │   Season │    ZScore │   Zpred_mu │   Zpred_sig │ outlier   │ include   │
├────┼────────────┼──────────────┼─────────────────────────┼──────────┼───────────┼────────────┼─────────────┼───────────┼───────────┤
│  4 │        417 │ Rachel Rose  │ Exterminator            │     2018 │ -0.717432 │  -0.815297 │   0.0964182 │ False     │ False     │
│ 12 │        417 │ Rachel Rose  │ PR_Endcliffe            │     2024 │ -1.72271  │  -0.771695 │   0.0558234 │ False     │ False     │
│ 15 │        417 │ Rachel Rose  │ Sheffield Half Marathon │     2017 │  0.51648  │   1.27968  │   0.0741194 │ True      │ False     │
│ 16 │        417 │ Rachel Rose  │ Sheffield Half Marathon │     2018 │ -1.3084   │  -0.424669 │   0.0455634 │ True      │ False     │
│ 17 │        417 │ Rachel Rose  │ Sheffield Half Marathon │     2021 │ -1.34     │  -0.454179 │   0.0461919 │ True      │ False     │
│ 18 │        417 │ Rachel Rose  │ Sheffield Half Marathon │     2023 │ -0.642863 │   0.196909 │   0.0422556 │ True      │ False     │
│ 19 │        417 │ Rachel Rose  │ Tiger's Trail           │     2017 │ -0.651507 │  -0.460846 │   0.035216  │ True      │ False     │
│ 20 │        417 │ Rachel Rose  │ Tigger Tor              │     2021 │ -0.280446 │  -0.45949  │   0.033757  │ True      │ False     │
│ 26 │        417 │ Rachel Rose  │ Hallam Chase            │     2021 │ -0.48238  │  -0.48238  │   0.01      │ True      │ False     │
╰────┴────────────┴──────────────┴─────────────────────────┴──────────┴───────────┴────────────┴─────────────┴───────────┴───────────╯
2025-08-11 20:43:37.669 | INFO     | __main__:process_entries:169 - Processing entry for mark gamsu
2025-08-11 20:43:38.409 | INFO     | __main__:process_entries:175 - PR time for mark gamsu: 00:38:25
2025-08-11 20:43:38.498 | INFO     | __main__:process_entries:205 - Including 27 in calculation:
 ╭────┬────────────┬──────────────┬─────────────────────────┬──────────┬─────────────┬──────────────┬─────────────┬───────────┬───────────╮
│    │   Racer_ID │ Racer_Name   │ Race_Name               │   Season │      ZScore │     Zpred_mu │   Zpred_sig │ outlier   │ include   │
├────┼────────────┼──────────────┼─────────────────────────┼──────────┼─────────────┼──────────────┼─────────────┼───────────┼───────────┤
│  0 │        565 │ Mark Gamsu   │ Bamford Carnival        │     2021 │ -0.181557   │ -0.0205126   │   0.0447578 │ False     │ True      │
│  1 │        565 │ Mark Gamsu   │ Hathersage Gala         │     2019 │ -0.0941696  │ -0.101273    │   0.0642966 │ False     │ True      │
│  2 │        565 │ Mark Gamsu   │ Hope Wakes              │     2019 │  0.248389   │  0.0590862   │   0.0450883 │ False     │ True      │
│  3 │        565 │ Mark Gamsu   │ Hope Wakes              │     2023 │  0.874406   │  0.563506    │   0.0476512 │ False     │ True      │
│  4 │        565 │ Mark Gamsu   │ Hope Wakes              │     2024 │  0.609347   │  0.349932    │   0.0432431 │ False     │ True      │
│  5 │        565 │ Mark Gamsu   │ PR_Endcliffe            │     2022 │ -0.750079   │  0.344245    │   0.0475478 │ False     │ False     │
│  6 │        565 │ Mark Gamsu   │ PR_Endcliffe            │     2023 │ -0.759918   │  0.332955    │   0.0473267 │ False     │ False     │
│  7 │        565 │ Mark Gamsu   │ PR_Endcliffe            │     2024 │ -0.728718   │  0.368753    │   0.0480462 │ False     │ False     │
│  8 │        565 │ Mark Gamsu   │ Percy Pud               │     2017 │ -0.856941   │  0.011703    │   0.0370849 │ False     │ True      │
│  9 │        565 │ Mark Gamsu   │ Percy Pud               │     2018 │ -0.927649   │ -0.0744344   │   0.0364765 │ False     │ True      │
│ 10 │        565 │ Mark Gamsu   │ Percy Pud               │     2019 │ -0.866289   │  0.000314396 │   0.0369853 │ False     │ True      │
│ 11 │        565 │ Mark Gamsu   │ Percy Pud               │     2021 │ -0.767518   │  0.120638    │   0.0383202 │ False     │ True      │
│ 12 │        565 │ Mark Gamsu   │ Percy Pud               │     2022 │ -0.456054   │  0.500065    │   0.0459505 │ False     │ True      │
│ 13 │        565 │ Mark Gamsu   │ Sheffield Half Marathon │     2018 │ -0.444779   │  0.38191     │   0.0451645 │ False     │ True      │
│ 14 │        565 │ Mark Gamsu   │ Sheffield Half Marathon │     2021 │ -0.214452   │  0.597024    │   0.0503196 │ False     │ True      │
│ 15 │        565 │ Mark Gamsu   │ Sheffield Half Marathon │     2023 │  0.308627   │  1.08555     │   0.0665953 │ True      │ False     │
│ 16 │        565 │ Mark Gamsu   │ Tiger's Trail           │     2021 │  0.00531842 │  0.126203    │   0.0322156 │ False     │ True      │
│ 17 │        565 │ Mark Gamsu   │ Tiger's Trail           │     2023 │  0.372145   │  0.45406     │   0.0371774 │ False     │ True      │
│ 18 │        565 │ Mark Gamsu   │ Tigger Tor              │     2021 │  1.00087    │  0.578178    │   0.0626187 │ False     │ True      │
│ 19 │        565 │ Mark Gamsu   │ Tigger Tor              │     2022 │  0.838456   │  0.446646    │   0.0574021 │ False     │ True      │
│ 20 │        565 │ Mark Gamsu   │ Tigger Tor              │     2023 │  1.13917    │  0.690176    │   0.0672072 │ False     │ True      │
│ 21 │        565 │ Mark Gamsu   │ Totley Moor             │     2020 │  0.197861   │  0.134698    │   0.0239684 │ False     │ True      │
│ 22 │        565 │ Mark Gamsu   │ Totley Moor             │     2023 │  0.767565   │  0.661016    │   0.033786  │ False     │ True      │
│ 23 │        565 │ Mark Gamsu   │ Hallam Chase            │     2024 │  0.402942   │  0.402942    │   0.01      │ False     │ True      │
│ 24 │        565 │ Mark Gamsu   │ Hallam Chase            │     2023 │  0.630299   │  0.630299    │   0.01      │ False     │ True      │
│ 25 │        565 │ Mark Gamsu   │ Hallam Chase            │     2021 │  0.232325   │  0.232325    │   0.01      │ False     │ True      │
│ 26 │        565 │ Mark Gamsu   │ Hallam Chase            │     2019 │ -0.227499   │ -0.227499    │   0.01      │ False     │ True      │
╰────┴────────────┴──────────────┴─────────────────────────┴──────────┴─────────────┴──────────────┴─────────────┴───────────┴───────────╯
2025-08-11 20:43:38.501 | INFO     | __main__:process_entries:209 - Excluded results:
 ╭────┬────────────┬──────────────┬─────────────────────────┬──────────┬───────────┬────────────┬─────────────┬───────────┬───────────╮
│    │   Racer_ID │ Racer_Name   │ Race_Name               │   Season │    ZScore │   Zpred_mu │   Zpred_sig │ outlier   │ include   │
├────┼────────────┼──────────────┼─────────────────────────┼──────────┼───────────┼────────────┼─────────────┼───────────┼───────────┤
│  5 │        565 │ Mark Gamsu   │ PR_Endcliffe            │     2022 │ -0.750079 │   0.344245 │   0.0475478 │ False     │ False     │
│  6 │        565 │ Mark Gamsu   │ PR_Endcliffe            │     2023 │ -0.759918 │   0.332955 │   0.0473267 │ False     │ False     │
│  7 │        565 │ Mark Gamsu   │ PR_Endcliffe            │     2024 │ -0.728718 │   0.368753 │   0.0480462 │ False     │ False     │
│ 15 │        565 │ Mark Gamsu   │ Sheffield Half Marathon │     2023 │  0.308627 │   1.08555  │   0.0665953 │ True      │ False     │
╰────┴────────────┴──────────────┴─────────────────────────┴──────────┴───────────┴────────────┴─────────────┴───────────┴───────────╯
2025-08-11 20:43:38.515 | INFO     | __main__:process_entries:169 - Processing entry for maddie stewart
2025-08-11 20:43:39.279 | INFO     | __main__:process_entries:175 - PR time for maddie stewart: 00:33:09
2025-08-11 20:43:39.343 | WARNING  | __main__:process_results_for_racer:144 - None has no chase results.
2025-08-11 20:43:39.343 | WARNING  | fellpace.analysis_tools:identify_outliers_in_predictions:65 - Not enough data to identify outliers.
2025-08-11 20:43:39.345 | INFO     | __main__:process_entries:205 - Including 2 in calculation:
 ╭────┬────────────┬────────────────┬─────────────────────────┬──────────┬───────────┬────────────┬─────────────┬───────────┬───────────╮
│    │   Racer_ID │ Racer_Name     │ Race_Name               │   Season │    ZScore │   Zpred_mu │   Zpred_sig │ outlier   │ include   │
├────┼────────────┼────────────────┼─────────────────────────┼──────────┼───────────┼────────────┼─────────────┼───────────┼───────────┤
│  0 │      46559 │ Maddie Stewart │ PR_Endcliffe            │     2023 │ -0.698549 │   0.403367 │   0.0487913 │ False     │ True      │
│  1 │      46559 │ Maddie Stewart │ Sheffield Half Marathon │     2021 │ -0.635616 │   0.203678 │   0.0423331 │ False     │ True      │
╰────┴────────────┴────────────────┴─────────────────────────┴──────────┴───────────┴────────────┴─────────────┴───────────┴───────────╯
2025-08-11 20:43:39.355 | INFO     | __main__:process_entries:169 - Processing entry for jordan  weddepohl 
2025-08-11 20:43:40.114 | INFO     | __main__:process_entries:175 - PR time for jordan  weddepohl : 00:27:47
2025-08-11 20:43:40.134 | WARNING  | fellpace.extract.racers:secure_racer_id:97 - Racer jordan  weddepohl not found in database.
2025-08-11 20:43:40.134 | INFO     | fellpace.extract.racers:secure_racer_id:98 - Looking for similar names...
2025-08-11 20:43:40.547 | INFO     | fellpace.extract.racers:secure_racer_id:104 - 0: Jordan Weddepohl
2025-08-11 20:43:40.547 | INFO     | fellpace.extract.racers:secure_racer_id:105 - 1: None of these are correct
2025-08-11 20:43:44.097 | WARNING  | __main__:process_results_for_racer:144 - None has no chase results.
2025-08-11 20:43:44.104 | INFO     | __main__:process_entries:205 - Including 5 in calculation:
 ╭────┬────────────┬──────────────────┬─────────────────┬──────────┬────────────┬────────────┬─────────────┬───────────┬───────────╮
│    │   Racer_ID │ Racer_Name       │ Race_Name       │   Season │     ZScore │   Zpred_mu │   Zpred_sig │ outlier   │ include   │
├────┼────────────┼──────────────────┼─────────────────┼──────────┼────────────┼────────────┼─────────────┼───────────┼───────────┤
│  0 │      25629 │ Jordan Weddepohl │ Hathersage Gala │     2022 │ -1.00025   │  -0.91757  │   0.0964171 │ False     │ True      │
│  1 │      25629 │ Jordan Weddepohl │ PR_Endcliffe    │     2021 │  0.0634999 │   1.27769  │   0.0780505 │ True      │ False     │
│  2 │      25629 │ Jordan Weddepohl │ PR_Endcliffe    │     2023 │ -1.25889   │  -0.239531 │   0.0443841 │ True      │ False     │
│  3 │      25629 │ Jordan Weddepohl │ Percy Pud       │     2021 │ -1.53976   │  -0.820115 │   0.0448281 │ False     │ True      │
│  4 │      25629 │ Jordan Weddepohl │ Percy Pud       │     2024 │ -1.4677    │  -0.732329 │   0.0427822 │ False     │ True      │
╰────┴────────────┴──────────────────┴─────────────────┴──────────┴────────────┴────────────┴─────────────┴───────────┴───────────╯
2025-08-11 20:43:44.106 | INFO     | __main__:process_entries:209 - Excluded results:
 ╭────┬────────────┬──────────────────┬──────────────┬──────────┬────────────┬────────────┬─────────────┬───────────┬───────────╮
│    │   Racer_ID │ Racer_Name       │ Race_Name    │   Season │     ZScore │   Zpred_mu │   Zpred_sig │ outlier   │ include   │
├────┼────────────┼──────────────────┼──────────────┼──────────┼────────────┼────────────┼─────────────┼───────────┼───────────┤
│  1 │      25629 │ Jordan Weddepohl │ PR_Endcliffe │     2021 │  0.0634999 │   1.27769  │   0.0780505 │ True      │ False     │
│  2 │      25629 │ Jordan Weddepohl │ PR_Endcliffe │     2023 │ -1.25889   │  -0.239531 │   0.0443841 │ True      │ False     │
╰────┴────────────┴──────────────────┴──────────────┴──────────┴────────────┴────────────┴─────────────┴───────────┴───────────╯
2025-08-11 20:43:44.114 | INFO     | __main__:process_entries:169 - Processing entry for edward cieslik
2025-08-11 20:43:44.844 | INFO     | __main__:process_entries:175 - PR time for edward cieslik: 00:26:15
2025-08-11 20:43:44.906 | WARNING  | __main__:process_results_for_racer:144 - None has no chase results.
2025-08-11 20:43:44.907 | WARNING  | fellpace.analysis_tools:identify_outliers_in_predictions:65 - Not enough data to identify outliers.
2025-08-11 20:43:44.908 | INFO     | __main__:process_entries:205 - Including 1 in calculation:
 ╭────┬────────────┬────────────────┬─────────────┬──────────┬───────────┬────────────┬─────────────┬───────────┬───────────╮
│    │   Racer_ID │ Racer_Name     │ Race_Name   │   Season │    ZScore │   Zpred_mu │   Zpred_sig │ outlier   │ include   │
├────┼────────────┼────────────────┼─────────────┼──────────┼───────────┼────────────┼─────────────┼───────────┼───────────┤
│  0 │        792 │ Edward Cieslik │ Wolf's Pit  │     2022 │ -0.818832 │  -0.900281 │   0.0781441 │ False     │ True      │
╰────┴────────────┴────────────────┴─────────────┴──────────┴───────────┴────────────┴─────────────┴───────────┴───────────╯
2025-08-11 20:43:44.917 | INFO     | __main__:process_entries:169 - Processing entry for alison griffiths
2025-08-11 20:43:45.639 | INFO     | __main__:process_entries:175 - PR time for alison griffiths: 00:32:16
2025-08-11 20:43:45.712 | WARNING  | __main__:process_results_for_racer:144 - None has no chase results.
2025-08-11 20:43:45.718 | INFO     | __main__:process_entries:205 - Including 9 in calculation:
 ╭────┬────────────┬──────────────────┬─────────────────┬──────────┬────────────┬─────────────┬─────────────┬───────────┬───────────╮
│    │   Racer_ID │ Racer_Name       │ Race_Name       │   Season │     ZScore │    Zpred_mu │   Zpred_sig │ outlier   │ include   │
├────┼────────────┼──────────────────┼─────────────────┼──────────┼────────────┼─────────────┼─────────────┼───────────┼───────────┤
│  0 │       2202 │ Alison Griffiths │ Grindleford     │     2017 │ -0.0582067 │  0.277034   │   0.0528001 │ False     │ True      │
│  1 │       2202 │ Alison Griffiths │ Grindleford     │     2018 │  0.154716  │  0.482184   │   0.0564617 │ False     │ True      │
│  2 │       2202 │ Alison Griffiths │ Grindleford     │     2019 │ -0.271373  │  0.0716492  │   0.0506326 │ False     │ True      │
│  3 │       2202 │ Alison Griffiths │ PR_Hillsborough │     2021 │ -1.14868   │ -0.181046   │   0.0365804 │ False     │ False     │
│  4 │       2202 │ Alison Griffiths │ PR_Hillsborough │     2023 │  1.5951    │  3.10008    │   0.13849   │ True      │ False     │
│  5 │       2202 │ Alison Griffiths │ PR_Hillsborough │     2024 │  1.21329   │  2.64349    │   0.120498  │ True      │ False     │
│  6 │       2202 │ Alison Griffiths │ Percy Pud       │     2017 │ -0.861045  │  0.00670289 │   0.0370405 │ False     │ True      │
│  7 │       2202 │ Alison Griffiths │ Percy Pud       │     2021 │ -1.03039   │ -0.199589   │   0.0362074 │ False     │ True      │
│  8 │       2202 │ Alison Griffiths │ Percy Pud       │     2022 │ -0.880478  │ -0.0169703  │   0.0368451 │ False     │ True      │
╰────┴────────────┴──────────────────┴─────────────────┴──────────┴────────────┴─────────────┴─────────────┴───────────┴───────────╯
2025-08-11 20:43:45.722 | INFO     | __main__:process_entries:209 - Excluded results:
 ╭────┬────────────┬──────────────────┬─────────────────┬──────────┬──────────┬────────────┬─────────────┬───────────┬───────────╮
│    │   Racer_ID │ Racer_Name       │ Race_Name       │   Season │   ZScore │   Zpred_mu │   Zpred_sig │ outlier   │ include   │
├────┼────────────┼──────────────────┼─────────────────┼──────────┼──────────┼────────────┼─────────────┼───────────┼───────────┤
│  3 │       2202 │ Alison Griffiths │ PR_Hillsborough │     2021 │ -1.14868 │  -0.181046 │   0.0365804 │ False     │ False     │
│  4 │       2202 │ Alison Griffiths │ PR_Hillsborough │     2023 │  1.5951  │   3.10008  │   0.13849   │ True      │ False     │
│  5 │       2202 │ Alison Griffiths │ PR_Hillsborough │     2024 │  1.21329 │   2.64349  │   0.120498  │ True      │ False     │
╰────┴────────────┴──────────────────┴─────────────────┴──────────┴──────────┴────────────┴─────────────┴───────────┴───────────╯
2025-08-11 20:43:45.732 | INFO     | __main__:process_entries:169 - Processing entry for chris horsfall
2025-08-11 20:43:46.451 | INFO     | __main__:process_entries:175 - PR time for chris horsfall: 00:34:05
2025-08-11 20:43:46.547 | INFO     | __main__:process_entries:205 - Including 31 in calculation:
 ╭────┬────────────┬────────────────┬───────────────┬──────────┬────────────┬────────────┬─────────────┬───────────┬───────────╮
│    │   Racer_ID │ Racer_Name     │ Race_Name     │   Season │     ZScore │   Zpred_mu │   Zpred_sig │ outlier   │ include   │
├────┼────────────┼────────────────┼───────────────┼──────────┼────────────┼────────────┼─────────────┼───────────┼───────────┤
│  0 │        570 │ Chris Horsfall │ Exterminator  │     2016 │ -0.119344  │ -0.305552  │   0.0913141 │ False     │ False     │
│  1 │        570 │ Chris Horsfall │ Exterminator  │     2017 │ -0.143787  │ -0.326384  │   0.0903783 │ False     │ False     │
│  2 │        570 │ Chris Horsfall │ Exterminator  │     2018 │ -0.483058  │ -0.615542  │   0.0874601 │ False     │ False     │
│  3 │        570 │ Chris Horsfall │ Exterminator  │     2023 │  0.719194  │  0.409127  │   0.158007  │ False     │ False     │
│  4 │        570 │ Chris Horsfall │ Grindleford   │     2018 │ -0.513871  │ -0.161997  │   0.0502311 │ False     │ True      │
│  5 │        570 │ Chris Horsfall │ Hope Wakes    │     2018 │  0.281823  │  0.0860261 │   0.0445367 │ False     │ True      │
│  6 │        570 │ Chris Horsfall │ Hope Wakes    │     2019 │  1.2802    │  0.890479  │   0.0611373 │ False     │ True      │
│  7 │        570 │ Chris Horsfall │ Hope Wakes    │     2022 │  0.576996  │  0.323865  │   0.043026  │ False     │ True      │
│  8 │        570 │ Chris Horsfall │ Hope Wakes    │     2023 │  0.680724  │  0.407445  │   0.043983  │ False     │ True      │
│  9 │        570 │ Chris Horsfall │ Hope Wakes    │     2024 │  0.716747  │  0.436471  │   0.0444883 │ False     │ True      │
│ 10 │        570 │ Chris Horsfall │ Tiger's Trail │     2017 │  0.108131  │  0.218093  │   0.0331857 │ False     │ True      │
│ 11 │        570 │ Chris Horsfall │ Tiger's Trail │     2021 │  0.347623  │  0.432142  │   0.0367276 │ False     │ True      │
│ 12 │        570 │ Chris Horsfall │ Tiger's Trail │     2022 │  0.438432  │  0.513305  │   0.0384622 │ False     │ True      │
│ 13 │        570 │ Chris Horsfall │ Tiger's Trail │     2023 │  0.187271  │  0.288826  │   0.0341711 │ False     │ True      │
│ 14 │        570 │ Chris Horsfall │ Tigger Tor    │     2016 │ -0.0569551 │ -0.278497  │   0.0356214 │ False     │ True      │
│ 15 │        570 │ Chris Horsfall │ Tigger Tor    │     2021 │  0.985448  │  0.565687  │   0.0621146 │ False     │ True      │
│ 16 │        570 │ Chris Horsfall │ Tigger Tor    │     2022 │  0.850256  │  0.456203  │   0.0577739 │ False     │ True      │
│ 17 │        570 │ Chris Horsfall │ Tigger Tor    │     2024 │  1.28058   │  0.804701  │   0.0720103 │ False     │ True      │
│ 18 │        570 │ Chris Horsfall │ Totley Moor   │     2016 │  0.0203431 │ -0.0293012 │   0.0219754 │ False     │ True      │
│ 19 │        570 │ Chris Horsfall │ Totley Moor   │     2017 │  0.239896  │  0.173531  │   0.0245375 │ False     │ True      │
│ 20 │        570 │ Chris Horsfall │ Totley Moor   │     2021 │  0.890671  │  0.774747  │   0.0363145 │ False     │ True      │
│ 21 │        570 │ Chris Horsfall │ Totley Moor   │     2022 │  0.643993  │  0.546855  │   0.0313549 │ False     │ True      │
│ 22 │        570 │ Chris Horsfall │ Totley Moor   │     2023 │  0.369711  │  0.293461  │   0.0264887 │ False     │ True      │
│ 23 │        570 │ Chris Horsfall │ Wolf's Pit    │     2016 │  0.228192  │  0.073687  │   0.0542303 │ False     │ True      │
│ 24 │        570 │ Chris Horsfall │ Wolf's Pit    │     2018 │  0.128172  │ -0.0193541 │   0.0533577 │ False     │ True      │
│ 25 │        570 │ Chris Horsfall │ Wolf's Pit    │     2022 │  0.622486  │  0.44047   │   0.0642378 │ False     │ True      │
│ 26 │        570 │ Chris Horsfall │ Hallam Chase  │     2024 │  0.368834  │  0.368834  │   0.01      │ False     │ True      │
│ 27 │        570 │ Chris Horsfall │ Hallam Chase  │     2023 │  0.482369  │  0.482369  │   0.01      │ False     │ True      │
│ 28 │        570 │ Chris Horsfall │ Hallam Chase  │     2021 │  0.644739  │  0.644739  │   0.01      │ False     │ True      │
│ 29 │        570 │ Chris Horsfall │ Hallam Chase  │     2019 │  0.828502  │  0.828502  │   0.01      │ False     │ True      │
│ 30 │        570 │ Chris Horsfall │ Hallam Chase  │     2017 │  0.0581949 │  0.0581949 │   0.01      │ False     │ True      │
╰────┴────────────┴────────────────┴───────────────┴──────────┴────────────┴────────────┴─────────────┴───────────┴───────────╯
2025-08-11 20:43:46.550 | INFO     | __main__:process_entries:209 - Excluded results:
 ╭────┬────────────┬────────────────┬──────────────┬──────────┬───────────┬────────────┬─────────────┬───────────┬───────────╮
│    │   Racer_ID │ Racer_Name     │ Race_Name    │   Season │    ZScore │   Zpred_mu │   Zpred_sig │ outlier   │ include   │
├────┼────────────┼────────────────┼──────────────┼──────────┼───────────┼────────────┼─────────────┼───────────┼───────────┤
│  0 │        570 │ Chris Horsfall │ Exterminator │     2016 │ -0.119344 │  -0.305552 │   0.0913141 │ False     │ False     │
│  1 │        570 │ Chris Horsfall │ Exterminator │     2017 │ -0.143787 │  -0.326384 │   0.0903783 │ False     │ False     │
│  2 │        570 │ Chris Horsfall │ Exterminator │     2018 │ -0.483058 │  -0.615542 │   0.0874601 │ False     │ False     │
│  3 │        570 │ Chris Horsfall │ Exterminator │     2023 │  0.719194 │   0.409127 │   0.158007  │ False     │ False     │
╰────┴────────────┴────────────────┴──────────────┴──────────┴───────────┴────────────┴─────────────┴───────────┴───────────╯
2025-08-11 20:43:46.562 | INFO     | __main__:process_entries:169 - Processing entry for ben jones
2025-08-11 20:43:47.282 | INFO     | __main__:process_entries:175 - PR time for ben jones: 00:26:15
2025-08-11 20:43:47.357 | INFO     | __main__:process_entries:205 - Including 11 in calculation:
 ╭────┬────────────┬──────────────┬──────────────────┬──────────┬───────────┬────────────┬─────────────┬───────────┬───────────╮
│    │   Racer_ID │ Racer_Name   │ Race_Name        │   Season │    ZScore │   Zpred_mu │   Zpred_sig │ outlier   │ include   │
├────┼────────────┼──────────────┼──────────────────┼──────────┼───────────┼────────────┼─────────────┼───────────┼───────────┤
│  0 │       1044 │ Ben Jones    │ Bamford Carnival │     2023 │ -1.11436  │  -0.992231 │   0.0547821 │ False     │ True      │
│  1 │       1044 │ Ben Jones    │ Exterminator     │     2023 │ -0.977792 │  -1.0372   │   0.114227  │ False     │ False     │
│  2 │       1044 │ Ben Jones    │ Grindleford      │     2023 │ -1.48424  │  -1.09695  │   0.0681632 │ False     │ True      │
│  3 │       1044 │ Ben Jones    │ PR_Endcliffe     │     2023 │ -1.37094  │  -0.368097 │   0.0460821 │ True      │ False     │
│  4 │       1044 │ Ben Jones    │ PR_Endcliffe     │     2024 │ -0.339036 │   0.81585  │   0.0606523 │ True      │ False     │
│  5 │       1044 │ Ben Jones    │ PR_Hillsborough  │     2021 │ -1.95496  │  -1.14523  │   0.0548172 │ False     │ False     │
│  6 │       1044 │ Ben Jones    │ PR_Hillsborough  │     2022 │ -1.97823  │  -1.17306  │   0.0556744 │ False     │ False     │
│  7 │       1044 │ Ben Jones    │ PR_Hillsborough  │     2023 │ -0.902645 │   0.113174 │   0.0381379 │ True      │ False     │
│  8 │       1044 │ Ben Jones    │ Percy Pud        │     2024 │ -1.52976  │  -0.807925 │   0.0445319 │ False     │ True      │
│  9 │       1044 │ Ben Jones    │ Tigger Tor       │     2023 │ -0.709905 │  -0.807285 │   0.0362357 │ False     │ True      │
│ 10 │       1044 │ Ben Jones    │ Hallam Chase     │     2023 │ -1.36963  │  -1.36963  │   0.01      │ False     │ True      │
╰────┴────────────┴──────────────┴──────────────────┴──────────┴───────────┴────────────┴─────────────┴───────────┴───────────╯
2025-08-11 20:43:47.360 | INFO     | __main__:process_entries:209 - Excluded results:
 ╭────┬────────────┬──────────────┬─────────────────┬──────────┬───────────┬────────────┬─────────────┬───────────┬───────────╮
│    │   Racer_ID │ Racer_Name   │ Race_Name       │   Season │    ZScore │   Zpred_mu │   Zpred_sig │ outlier   │ include   │
├────┼────────────┼──────────────┼─────────────────┼──────────┼───────────┼────────────┼─────────────┼───────────┼───────────┤
│  1 │       1044 │ Ben Jones    │ Exterminator    │     2023 │ -0.977792 │  -1.0372   │   0.114227  │ False     │ False     │
│  3 │       1044 │ Ben Jones    │ PR_Endcliffe    │     2023 │ -1.37094  │  -0.368097 │   0.0460821 │ True      │ False     │
│  4 │       1044 │ Ben Jones    │ PR_Endcliffe    │     2024 │ -0.339036 │   0.81585  │   0.0606523 │ True      │ False     │
│  5 │       1044 │ Ben Jones    │ PR_Hillsborough │     2021 │ -1.95496  │  -1.14523  │   0.0548172 │ False     │ False     │
│  6 │       1044 │ Ben Jones    │ PR_Hillsborough │     2022 │ -1.97823  │  -1.17306  │   0.0556744 │ False     │ False     │
│  7 │       1044 │ Ben Jones    │ PR_Hillsborough │     2023 │ -0.902645 │   0.113174 │   0.0381379 │ True      │ False     │
╰────┴────────────┴──────────────┴─────────────────┴──────────┴───────────┴────────────┴─────────────┴───────────┴───────────╯
2025-08-11 20:43:47.370 | INFO     | __main__:process_entries:169 - Processing entry for simon rayner
2025-08-11 20:43:48.111 | INFO     | __main__:process_entries:175 - PR time for simon rayner: 00:28:52
2025-08-11 20:43:48.187 | WARNING  | __main__:process_results_for_racer:144 - None has no chase results.
2025-08-11 20:43:48.194 | INFO     | __main__:process_entries:205 - Including 18 in calculation:
 ╭────┬────────────┬──────────────┬──────────────────┬──────────┬────────────┬────────────┬─────────────┬───────────┬───────────╮
│    │   Racer_ID │ Racer_Name   │ Race_Name        │   Season │     ZScore │   Zpred_mu │   Zpred_sig │ outlier   │ include   │
├────┼────────────┼──────────────┼──────────────────┼──────────┼────────────┼────────────┼─────────────┼───────────┼───────────┤
│  0 │        663 │ Simon Rayner │ Bamford Carnival │     2019 │ -0.699275  │  -0.559828 │   0.0438585 │ False     │ True      │
│  1 │        663 │ Simon Rayner │ Bamford Carnival │     2022 │ -0.661897  │  -0.520891 │   0.0433174 │ False     │ True      │
│  2 │        663 │ Simon Rayner │ Bamford Carnival │     2023 │ -0.386109  │  -0.233598 │   0.0422248 │ False     │ True      │
│  3 │        663 │ Simon Rayner │ Exterminator     │     2022 │ -0.0704836 │  -0.263908 │   0.0934428 │ False     │ False     │
│  4 │        663 │ Simon Rayner │ Exterminator     │     2024 │ -0.303799  │  -0.462761 │   0.0865769 │ False     │ False     │
│  5 │        663 │ Simon Rayner │ Grindleford      │     2022 │ -0.966723  │  -0.598318 │   0.0553075 │ False     │ True      │
│  6 │        663 │ Simon Rayner │ Grindleford      │     2023 │ -0.828191  │  -0.464843 │   0.053014  │ False     │ True      │
│  7 │        663 │ Simon Rayner │ Grindleford      │     2024 │ -0.714322  │  -0.355131 │   0.0515954 │ False     │ True      │
│  8 │        663 │ Simon Rayner │ Tiger's Trail    │     2021 │ -0.655853  │  -0.464729 │   0.0352846 │ False     │ True      │
│  9 │        663 │ Simon Rayner │ Tiger's Trail    │     2022 │ -0.587385  │  -0.403535 │   0.0342655 │ False     │ True      │
│ 10 │        663 │ Simon Rayner │ Tiger's Trail    │     2023 │ -0.503512  │  -0.328573 │   0.0332095 │ False     │ True      │
│ 11 │        663 │ Simon Rayner │ Tigger Tor       │     2016 │ -0.279166  │  -0.458454 │   0.0337617 │ False     │ True      │
│ 12 │        663 │ Simon Rayner │ Tigger Tor       │     2021 │ -0.237125  │  -0.424406 │   0.0339538 │ False     │ True      │
│ 13 │        663 │ Simon Rayner │ Tigger Tor       │     2023 │ -0.244428  │  -0.430321 │   0.0339149 │ False     │ True      │
│ 14 │        663 │ Simon Rayner │ Tigger Tor       │     2024 │ -0.0594944 │  -0.280554 │   0.0355889 │ False     │ True      │
│ 15 │        663 │ Simon Rayner │ Totley Moor      │     2021 │ -0.42358   │  -0.439417 │   0.0207592 │ False     │ True      │
│ 16 │        663 │ Simon Rayner │ Totley Moor      │     2022 │ -0.266127  │  -0.293955 │   0.0205045 │ False     │ True      │
│ 17 │        663 │ Simon Rayner │ Totley Moor      │     2023 │ -0.116692  │  -0.1559   │   0.0209735 │ False     │ True      │
╰────┴────────────┴──────────────┴──────────────────┴──────────┴────────────┴────────────┴─────────────┴───────────┴───────────╯
2025-08-11 20:43:48.196 | INFO     | __main__:process_entries:209 - Excluded results:
 ╭────┬────────────┬──────────────┬──────────────┬──────────┬────────────┬────────────┬─────────────┬───────────┬───────────╮
│    │   Racer_ID │ Racer_Name   │ Race_Name    │   Season │     ZScore │   Zpred_mu │   Zpred_sig │ outlier   │ include   │
├────┼────────────┼──────────────┼──────────────┼──────────┼────────────┼────────────┼─────────────┼───────────┼───────────┤
│  3 │        663 │ Simon Rayner │ Exterminator │     2022 │ -0.0704836 │  -0.263908 │   0.0934428 │ False     │ False     │
│  4 │        663 │ Simon Rayner │ Exterminator │     2024 │ -0.303799  │  -0.462761 │   0.0865769 │ False     │ False     │
╰────┴────────────┴──────────────┴──────────────┴──────────┴────────────┴────────────┴─────────────┴───────────┴───────────╯
2025-08-11 20:43:48.254 | INFO     | __main__:process_entries:169 - Processing entry for kevin doyle
2025-08-11 20:43:49.005 | INFO     | __main__:process_entries:175 - PR time for kevin doyle: 00:29:48
2025-08-11 20:43:49.085 | INFO     | __main__:process_entries:205 - Including 14 in calculation:
 ╭────┬────────────┬──────────────┬──────────────────┬──────────┬───────────┬────────────┬─────────────┬───────────┬───────────╮
│    │   Racer_ID │ Racer_Name   │ Race_Name        │   Season │    ZScore │   Zpred_mu │   Zpred_sig │ outlier   │ include   │
├────┼────────────┼──────────────┼──────────────────┼──────────┼───────────┼────────────┼─────────────┼───────────┼───────────┤
│  0 │       1006 │ Kevin Doyle  │ Bamford Carnival │     2021 │ -1.19656  │  -1.07786  │   0.0577491 │ False     │ True      │
│  1 │       1006 │ Kevin Doyle  │ Exterminator     │     2016 │ -1.29592  │  -1.30834  │   0.142749  │ False     │ False     │
│  2 │       1006 │ Kevin Doyle  │ Exterminator     │     2017 │ -1.70863  │  -1.66009  │   0.185433  │ False     │ False     │
│  3 │       1006 │ Kevin Doyle  │ Exterminator     │     2022 │ -0.287061 │  -0.448495 │   0.0867765 │ False     │ False     │
│  4 │       1006 │ Kevin Doyle  │ PR_Hillsborough  │     2022 │  0.951719 │   2.33069  │   0.108323  │ True      │ False     │
│  5 │       1006 │ Kevin Doyle  │ PR_Hillsborough  │     2024 │ -0.315653 │   0.81512  │   0.0539678 │ True      │ False     │
│  6 │       1006 │ Kevin Doyle  │ Percy Pud        │     2019 │ -1.92694  │  -1.29177  │   0.0585343 │ False     │ True      │
│  7 │       1006 │ Kevin Doyle  │ Percy Pud        │     2021 │ -1.39976  │  -0.649557 │   0.041056  │ False     │ True      │
│  8 │       1006 │ Kevin Doyle  │ Hallam Chase     │     2024 │ -0.996319 │  -0.996319 │   0.01      │ False     │ True      │
│  9 │       1006 │ Kevin Doyle  │ Hallam Chase     │     2023 │ -0.390509 │  -0.390509 │   0.01      │ False     │ True      │
│ 10 │       1006 │ Kevin Doyle  │ Hallam Chase     │     2022 │ -0.991525 │  -0.991525 │   0.01      │ False     │ True      │
│ 11 │       1006 │ Kevin Doyle  │ Hallam Chase     │     2021 │ -0.843584 │  -0.843584 │   0.01      │ False     │ True      │
│ 12 │       1006 │ Kevin Doyle  │ Hallam Chase     │     2018 │ -1.61759  │  -1.61759  │   0.01      │ False     │ True      │
│ 13 │       1006 │ Kevin Doyle  │ Hallam Chase     │     2017 │ -1.25908  │  -1.25908  │   0.01      │ False     │ True      │
╰────┴────────────┴──────────────┴──────────────────┴──────────┴───────────┴────────────┴─────────────┴───────────┴───────────╯
2025-08-11 20:43:49.086 | INFO     | __main__:process_entries:209 - Excluded results:
 ╭────┬────────────┬──────────────┬─────────────────┬──────────┬───────────┬────────────┬─────────────┬───────────┬───────────╮
│    │   Racer_ID │ Racer_Name   │ Race_Name       │   Season │    ZScore │   Zpred_mu │   Zpred_sig │ outlier   │ include   │
├────┼────────────┼──────────────┼─────────────────┼──────────┼───────────┼────────────┼─────────────┼───────────┼───────────┤
│  1 │       1006 │ Kevin Doyle  │ Exterminator    │     2016 │ -1.29592  │  -1.30834  │   0.142749  │ False     │ False     │
│  2 │       1006 │ Kevin Doyle  │ Exterminator    │     2017 │ -1.70863  │  -1.66009  │   0.185433  │ False     │ False     │
│  3 │       1006 │ Kevin Doyle  │ Exterminator    │     2022 │ -0.287061 │  -0.448495 │   0.0867765 │ False     │ False     │
│  4 │       1006 │ Kevin Doyle  │ PR_Hillsborough │     2022 │  0.951719 │   2.33069  │   0.108323  │ True      │ False     │
│  5 │       1006 │ Kevin Doyle  │ PR_Hillsborough │     2024 │ -0.315653 │   0.81512  │   0.0539678 │ True      │ False     │
╰────┴────────────┴──────────────┴─────────────────┴──────────┴───────────┴────────────┴─────────────┴───────────┴───────────╯
2025-08-11 20:43:49.098 | INFO     | __main__:process_entries:169 - Processing entry for andy waterhouse
2025-08-11 20:43:49.846 | INFO     | __main__:process_entries:175 - PR time for andy waterhouse: 00:25:35
2025-08-11 20:43:49.907 | WARNING  | __main__:process_results_for_racer:144 - None has no chase results.
2025-08-11 20:43:49.907 | WARNING  | fellpace.analysis_tools:identify_outliers_in_predictions:65 - Not enough data to identify outliers.
2025-08-11 20:43:49.912 | INFO     | __main__:process_entries:205 - Including 1 in calculation:
 ╭────┬────────────┬─────────────────┬─────────────┬──────────┬──────────┬────────────┬─────────────┬───────────┬───────────╮
│    │   Racer_ID │ Racer_Name      │ Race_Name   │   Season │   ZScore │   Zpred_mu │   Zpred_sig │ outlier   │ include   │
├────┼────────────┼─────────────────┼─────────────┼──────────┼──────────┼────────────┼─────────────┼───────────┼───────────┤
│  0 │      64069 │ Andy Waterhouse │ Percy Pud   │     2024 │  -1.6805 │  -0.991565 │   0.0493563 │ False     │ True      │
╰────┴────────────┴─────────────────┴─────────────┴──────────┴──────────┴────────────┴─────────────┴───────────┴───────────╯
2025-08-11 20:43:49.922 | INFO     | __main__:process_entries:169 - Processing entry for george yates
2025-08-11 20:43:50.644 | INFO     | __main__:process_entries:175 - PR time for george yates: 00:29:30
2025-08-11 20:43:50.711 | WARNING  | __main__:process_results_for_racer:144 - None has no chase results.
2025-08-11 20:43:50.716 | INFO     | __main__:process_entries:205 - Including 6 in calculation:
 ╭────┬────────────┬──────────────┬─────────────────────────┬──────────┬───────────┬────────────┬─────────────┬───────────┬───────────╮
│    │   Racer_ID │ Racer_Name   │ Race_Name               │   Season │    ZScore │   Zpred_mu │   Zpred_sig │ outlier   │ include   │
├────┼────────────┼──────────────┼─────────────────────────┼──────────┼───────────┼────────────┼─────────────┼───────────┼───────────┤
│  0 │      36257 │ George Yates │ Hathersage Gala         │     2018 │ -0.54772  │ -0.509882  │   0.0766679 │ False     │ True      │
│  1 │      36257 │ George Yates │ Hathersage Gala         │     2024 │  0.116841 │  0.0888289 │   0.0624235 │ False     │ True      │
│  2 │      36257 │ George Yates │ Sheffield Half Marathon │     2017 │ -1.56146  │ -0.661016  │   0.0514735 │ False     │ True      │
│  3 │      36257 │ George Yates │ Sheffield Half Marathon │     2021 │ -1.13013  │ -0.258173  │   0.0427222 │ False     │ True      │
│  4 │      36257 │ George Yates │ Tiger's Trail           │     2021 │ -0.642142 │ -0.452475  │   0.0350698 │ False     │ True      │
│  5 │      36257 │ George Yates │ Totley Moor             │     2020 │  0.185068 │  0.122879  │   0.023802  │ False     │ True      │
╰────┴────────────┴──────────────┴─────────────────────────┴──────────┴───────────┴────────────┴─────────────┴───────────┴───────────╯
2025-08-11 20:43:50.725 | INFO     | __main__:process_entries:169 - Processing entry for david camus
2025-08-11 20:43:51.462 | INFO     | __main__:process_entries:175 - PR time for david camus: 00:29:30
2025-08-11 20:43:51.487 | WARNING  | fellpace.extract.racers:secure_racer_id:97 - Racer david camus not found in database.
2025-08-11 20:43:51.487 | INFO     | fellpace.extract.racers:secure_racer_id:98 - Looking for similar names...
2025-08-11 20:43:51.890 | INFO     | fellpace.extract.racers:secure_racer_id:104 - 0: Dave Camus
2025-08-11 20:43:51.894 | INFO     | fellpace.extract.racers:secure_racer_id:104 - 1: David Amos
2025-08-11 20:43:51.894 | INFO     | fellpace.extract.racers:secure_racer_id:104 - 2: David Camp
2025-08-11 20:43:51.895 | INFO     | fellpace.extract.racers:secure_racer_id:104 - 3: David Cass
2025-08-11 20:43:51.895 | INFO     | fellpace.extract.racers:secure_racer_id:104 - 4: David James
2025-08-11 20:43:51.895 | INFO     | fellpace.extract.racers:secure_racer_id:105 - 5: None of these are correct
2025-08-11 20:43:55.144 | WARNING  | fellpace.analysis_tools:identify_outliers_in_predictions:65 - Not enough data to identify outliers.
2025-08-11 20:43:55.147 | INFO     | __main__:process_entries:205 - Including 3 in calculation:
 ╭────┬────────────┬──────────────┬─────────────────┬──────────┬───────────┬────────────┬─────────────┬───────────┬───────────╮
│    │   Racer_ID │ Racer_Name   │ Race_Name       │   Season │    ZScore │   Zpred_mu │   Zpred_sig │ outlier   │ include   │
├────┼────────────┼──────────────┼─────────────────┼──────────┼───────────┼────────────┼─────────────┼───────────┼───────────┤
│  0 │      42960 │ Dave Camus   │ PR_Hillsborough │     2023 │ -1.2404   │  -0.290723 │   0.0370071 │ False     │ True      │
│  1 │      42960 │ Dave Camus   │ PR_Hillsborough │     2024 │ -0.823951 │   0.207278 │   0.0394133 │ False     │ True      │
│  2 │      42960 │ Dave Camus   │ Hallam Chase    │     2024 │ -0.676778 │  -0.676778 │   0.01      │ False     │ True      │
╰────┴────────────┴──────────────┴─────────────────┴──────────┴───────────┴────────────┴─────────────┴───────────┴───────────╯
2025-08-11 20:43:55.156 | INFO     | __main__:process_entries:169 - Processing entry for nicola squires
2025-08-11 20:43:55.231 | INFO     | __main__:process_entries:205 - Including 10 in calculation:
 ╭────┬────────────┬────────────────┬─────────────────────────┬──────────┬───────────┬────────────┬─────────────┬───────────┬───────────╮
│    │   Racer_ID │ Racer_Name     │ Race_Name               │   Season │    ZScore │   Zpred_mu │   Zpred_sig │ outlier   │ include   │
├────┼────────────┼────────────────┼─────────────────────────┼──────────┼───────────┼────────────┼─────────────┼───────────┼───────────┤
│  0 │       1876 │ Nicola Squires │ Percy Pud               │     2017 │ -1.95172  │  -1.32196  │   0.0595231 │ False     │ True      │
│  1 │       1876 │ Nicola Squires │ Percy Pud               │     2019 │ -1.96147  │  -1.33384  │   0.0599148 │ False     │ True      │
│  2 │       1876 │ Nicola Squires │ Percy Pud               │     2021 │ -1.83837  │  -1.18388  │   0.0550884 │ False     │ True      │
│  3 │       1876 │ Nicola Squires │ Percy Pud               │     2022 │ -1.65644  │  -0.96225  │   0.0485383 │ False     │ True      │
│  4 │       1876 │ Nicola Squires │ Percy Pud               │     2024 │ -1.33336  │  -0.56867  │   0.0395843 │ True      │ False     │
│  5 │       1876 │ Nicola Squires │ Sheffield Half Marathon │     2017 │ -2.44072  │  -1.4822   │   0.0813955 │ False     │ True      │
│  6 │       1876 │ Nicola Squires │ Hallam Chase            │     2023 │ -0.965631 │  -0.965631 │   0.01      │ False     │ True      │
│  7 │       1876 │ Nicola Squires │ Hallam Chase            │     2022 │ -1.04462  │  -1.04462  │   0.01      │ False     │ True      │
│  8 │       1876 │ Nicola Squires │ Hallam Chase            │     2021 │ -1.07273  │  -1.07273  │   0.01      │ False     │ True      │
│  9 │       1876 │ Nicola Squires │ Hallam Chase            │     2019 │ -1.5347   │  -1.5347   │   0.01      │ False     │ True      │
╰────┴────────────┴────────────────┴─────────────────────────┴──────────┴───────────┴────────────┴─────────────┴───────────┴───────────╯
2025-08-11 20:43:55.234 | INFO     | __main__:process_entries:209 - Excluded results:
 ╭────┬────────────┬────────────────┬─────────────┬──────────┬──────────┬────────────┬─────────────┬───────────┬───────────╮
│    │   Racer_ID │ Racer_Name     │ Race_Name   │   Season │   ZScore │   Zpred_mu │   Zpred_sig │ outlier   │ include   │
├────┼────────────┼────────────────┼─────────────┼──────────┼──────────┼────────────┼─────────────┼───────────┼───────────┤
│  4 │       1876 │ Nicola Squires │ Percy Pud   │     2024 │ -1.33336 │   -0.56867 │   0.0395843 │ True      │ False     │
╰────┴────────────┴────────────────┴─────────────┴──────────┴──────────┴────────────┴─────────────┴───────────┴───────────╯
2025-08-11 20:43:55.244 | INFO     | __main__:process_entries:169 - Processing entry for hugh woolacott
2025-08-11 20:43:56.010 | INFO     | __main__:process_entries:175 - PR time for hugh woolacott: 00:27:34
2025-08-11 20:43:56.077 | WARNING  | __main__:process_results_for_racer:144 - None has no chase results.
2025-08-11 20:43:56.078 | WARNING  | fellpace.analysis_tools:identify_outliers_in_predictions:65 - Not enough data to identify outliers.
2025-08-11 20:43:56.079 | INFO     | __main__:process_entries:205 - Including 2 in calculation:
 ╭────┬────────────┬────────────────┬──────────────┬──────────┬──────────┬────────────┬─────────────┬───────────┬───────────╮
│    │   Racer_ID │ Racer_Name     │ Race_Name    │   Season │   ZScore │   Zpred_mu │   Zpred_sig │ outlier   │ include   │
├────┼────────────┼────────────────┼──────────────┼──────────┼──────────┼────────────┼─────────────┼───────────┼───────────┤
│  0 │      45262 │ Hugh Woolacott │ PR_Endcliffe │     2023 │ -1.82408 │  -0.887996 │   0.0595484 │ False     │ True      │
│  1 │      45262 │ Hugh Woolacott │ PR_Endcliffe │     2024 │ -1.78853 │  -0.847205 │   0.0582061 │ False     │ True      │
╰────┴────────────┴────────────────┴──────────────┴──────────┴──────────┴────────────┴─────────────┴───────────┴───────────╯
2025-08-11 20:43:56.101 | INFO     | __main__:process_entries:254 - Processed entries:
 ╭─────┬──────────────────────┬────────────────────┬────────────────────────┬──────────────────┬─────────────────┬──────────────┬──────────────┬──────────────╮
│     │ Name                 │   Num_results_used │   Num_excluded_results │ Predicted_Time   │ Given PR time   │ Chase 2024   │ Chase 2023   │ Chase 2022   │
├─────┼──────────────────────┼────────────────────┼────────────────────────┼──────────────────┼─────────────────┼──────────────┼──────────────┼──────────────┤
│   0 │                      │                  0 │                      0 │ N/A              │ 00:30:27        │ N/A          │ N/A          │ N/A          │
│   1 │ greg mcenaney        │                  1 │                      0 │ 00:26:07         │ 00:26:34        │ N/A          │ N/A          │ N/A          │
│   2 │ laura clark          │                  6 │                      2 │ 00:45:11         │ 00:32:34        │ N/A          │ N/A          │ N/A          │
│   3 │ michael plant        │                  1 │                      0 │ 00:30:09         │ 00:28:43        │ N/A          │ N/A          │ N/A          │
│   4 │ chris moult          │                  1 │                      0 │ 00:29:03         │ 00:28:41        │ N/A          │ N/A          │ N/A          │
│   5 │                      │                  0 │                      0 │ N/A              │ 00:34:18        │ N/A          │ N/A          │ N/A          │
│   6 │ ben clark            │                  3 │                      0 │ 00:22:48         │ 00:28:32        │ N/A          │ N/A          │ N/A          │
│   7 │                      │                  0 │                      0 │ N/A              │ 00:35:26        │ N/A          │ N/A          │ N/A          │
│   8 │                      │                  0 │                      0 │ N/A              │ 00:33:45        │ N/A          │ N/A          │ N/A          │
│   9 │                      │                  0 │                      0 │ N/A              │ 00:26:15        │ N/A          │ N/A          │ N/A          │
│  10 │ laura hemstock       │                  2 │                      0 │ 00:36:24         │ 00:29:53        │ N/A          │ N/A          │ N/A          │
│  11 │                      │                  0 │                      0 │ N/A              │ N/A             │ N/A          │ N/A          │ N/A          │
│  12 │ laura rangeley       │                  8 │                      9 │ 00:35:18         │ 00:34:17        │ N/A          │ N/A          │ N/A          │
│  13 │ darrel porter        │                  4 │                      0 │ 00:27:34         │ 00:27:53        │ N/A          │ N/A          │ N/A          │
│  14 │ shane kent           │                  8 │                      0 │ 00:28:53         │ 00:30:45        │ N/A          │ N/A          │ N/A          │
│  15 │                      │                  0 │                      0 │ N/A              │ 00:29:30        │ N/A          │ N/A          │ N/A          │
│  16 │ alice taylor-bennett │                  2 │                      0 │ 00:33:33         │ 00:31:31        │ N/A          │ N/A          │ N/A          │
│  17 │ james mason          │                 14 │                      4 │ 00:32:14         │ 00:31:41        │ N/A          │ N/A          │ N/A          │
│  18 │ aaron francis        │                 10 │                      6 │ 00:26:18         │ 00:24:14        │ N/A          │ N/A          │ N/A          │
│  19 │ ryan timms           │                  5 │                      0 │ 00:28:42         │ 00:26:28        │ N/A          │ N/A          │ N/A          │
│  20 │ will leaning         │                  3 │                      0 │ 00:28:16         │ N/A             │ N/A          │ N/A          │ N/A          │
│  21 │ james ellwood        │                 13 │                      3 │ 00:31:33         │ 00:31:22        │ N/A          │ N/A          │ N/A          │
│  22 │ maxwell revitt       │                  1 │                      0 │ 00:31:58         │ 00:29:03        │ N/A          │ N/A          │ N/A          │
│  23 │ richard johnson      │                  3 │                      3 │ 00:29:02         │ 00:27:10        │ N/A          │ N/A          │ N/A          │
│  24 │ daniel abbott        │                  4 │                      1 │ 00:29:12         │ 00:32:50        │ N/A          │ N/A          │ N/A          │
│  25 │ andrew staley        │                  5 │                      6 │ 00:32:28         │ 00:31:10        │ N/A          │ N/A          │ N/A          │
│  26 │                      │                  0 │                      0 │ N/A              │ 00:26:34        │ N/A          │ N/A          │ N/A          │
│  27 │ mark jones           │                 14 │                      4 │ 00:19:48         │ N/A             │ N/A          │ N/A          │ N/A          │
│  28 │ peter hill           │                  5 │                      6 │ 00:26:25         │ 00:28:13        │ N/A          │ N/A          │ N/A          │
│  29 │ pat goodall          │                 35 │                      5 │ 00:31:59         │ 00:37:16        │ N/A          │ N/A          │ N/A          │
│  30 │ nick hails           │                 24 │                      6 │ 00:30:35         │ 00:28:08        │ N/A          │ N/A          │ N/A          │
│  31 │ julia delaney        │                  3 │                      1 │ 00:39:30         │ N/A             │ N/A          │ N/A          │ N/A          │
│  32 │ mark stevenson       │                  5 │                      6 │ 00:30:35         │ 00:29:45        │ N/A          │ N/A          │ N/A          │
│  33 │                      │                  0 │                      0 │ N/A              │ 00:25:15        │ N/A          │ N/A          │ N/A          │
│  34 │ mel corby            │                  9 │                      0 │ 00:34:04         │ N/A             │ N/A          │ N/A          │ N/A          │
│  35 │ al cook              │                 15 │                      2 │ 00:27:42         │ 00:28:41        │ N/A          │ N/A          │ N/A          │
│  36 │ daniel ryan          │                  7 │                     10 │ 00:28:49         │ 00:28:06        │ N/A          │ N/A          │ N/A          │
│  37 │ nick burns           │                 23 │                     14 │ 00:29:44         │ 00:30:45        │ N/A          │ N/A          │ N/A          │
│  38 │ fran allen           │                 10 │                      2 │ 00:30:53         │ 00:31:41        │ N/A          │ N/A          │ N/A          │
│  39 │ Georgina Swainson    │                  1 │                      0 │ 00:33:26         │ 00:33:58        │ N/A          │ N/A          │ N/A          │
│  40 │ keith swainson       │                 10 │                      7 │ 00:24:45         │ 00:24:13        │ N/A          │ N/A          │ N/A          │
│  41 │ jack swindells       │                 12 │                      4 │ 00:24:23         │ 00:27:60        │ N/A          │ N/A          │ N/A          │
│  42 │ charles benkowitz    │                  5 │                      0 │ 00:27:58         │ 00:27:27        │ N/A          │ N/A          │ N/A          │
│  43 │ eric latham          │                  9 │                      7 │ 00:30:44         │ 00:33:59        │ N/A          │ N/A          │ N/A          │
│  44 │ andrew lewis         │                  4 │                      2 │ 00:35:13         │ 00:37:37        │ N/A          │ N/A          │ N/A          │
│  45 │ keith holmes         │                 11 │                      0 │ 00:32:09         │ N/A             │ N/A          │ N/A          │ N/A          │
│  46 │ amy willoughby       │                  3 │                      1 │ 00:39:12         │ 00:38:42        │ N/A          │ N/A          │ N/A          │
│  47 │ steve smith          │                  8 │                      6 │ 00:25:31         │ 00:28:57        │ N/A          │ N/A          │ N/A          │
│  48 │ holly phipps         │                  6 │                      6 │ 00:29:53         │ 00:29:17        │ N/A          │ N/A          │ N/A          │
│  49 │ hal roberts          │                  9 │                      9 │ 00:25:38         │ 00:25:21        │ N/A          │ N/A          │ N/A          │
│  50 │ helen roberts        │                  2 │                      2 │ 00:27:36         │ 00:28:53        │ N/A          │ N/A          │ N/A          │
│  51 │ joseph harding       │                  3 │                      1 │ 00:23:30         │ 00:23:34        │ N/A          │ N/A          │ N/A          │
│  52 │ rachel smith         │                  1 │                      7 │ 00:39:53         │ 00:36:40        │ N/A          │ N/A          │ N/A          │
│  53 │ michael raynor       │                  9 │                      0 │ 00:30:36         │ N/A             │ N/A          │ N/A          │ N/A          │
│  54 │ gregg lant           │                  4 │                      0 │ 00:32:06         │ 00:31:59        │ N/A          │ N/A          │ N/A          │
│  55 │ tracey shaw          │                  2 │                      0 │ 00:41:11         │ 00:41:20        │ N/A          │ N/A          │ N/A          │
│  56 │ elliott king         │                  4 │                      1 │ 00:27:33         │ 00:28:32        │ N/A          │ N/A          │ N/A          │
│  57 │ david langford       │                  1 │                      0 │ 00:29:58         │ 00:28:39        │ N/A          │ N/A          │ N/A          │
│  58 │ ben allen            │                 21 │                      2 │ 00:27:56         │ 00:30:55        │ N/A          │ N/A          │ N/A          │
│  59 │ stephen davison      │                  6 │                      6 │ 00:26:06         │ 00:29:22        │ N/A          │ N/A          │ N/A          │
│  60 │ brian noble          │                  6 │                      5 │ 00:34:27         │ 00:33:21        │ N/A          │ N/A          │ N/A          │
│  61 │ laurence baxter      │                  3 │                      0 │ 00:25:20         │ 00:24:54        │ N/A          │ N/A          │ N/A          │
│  62 │ derek brailsford     │                  3 │                      0 │ 00:46:55         │ N/A             │ N/A          │ N/A          │ N/A          │
│  63 │ rob hale             │                  3 │                      3 │ 00:31:11         │ 00:29:30        │ N/A          │ N/A          │ N/A          │
│  64 │ helen young          │                 17 │                      5 │ 00:34:28         │ 00:36:32        │ N/A          │ N/A          │ N/A          │
│  65 │                      │                  0 │                      0 │ N/A              │ N/A             │ N/A          │ N/A          │ N/A          │
│  66 │ lauren wilson        │                  3 │                      2 │ 00:33:45         │ 00:29:30        │ N/A          │ N/A          │ N/A          │
│  67 │ christopher moss     │                  8 │                     11 │ 00:26:14         │ 00:25:40        │ N/A          │ N/A          │ N/A          │
│  68 │ helen elleker        │                 19 │                      4 │ 00:39:28         │ 00:39:37        │ N/A          │ N/A          │ N/A          │
│  69 │ james thompson       │                 28 │                      8 │ 00:26:36         │ 00:28:23        │ N/A          │ N/A          │ N/A          │
│  70 │ tom hughes           │                 14 │                      8 │ 00:22:56         │ 00:24:54        │ N/A          │ N/A          │ N/A          │
│  71 │ rebecca ward         │                  6 │                      4 │ 00:28:23         │ 00:27:34        │ N/A          │ N/A          │ N/A          │
│  72 │ scott storey         │                  1 │                      0 │ 00:43:42         │ 00:39:49        │ N/A          │ N/A          │ N/A          │
│  73 │ jane cockerton       │                  9 │                      8 │ 00:39:56         │ 00:39:57        │ N/A          │ N/A          │ N/A          │
│  74 │ benjamin stevens     │                  4 │                      2 │ 00:26:42         │ 00:25:32        │ N/A          │ N/A          │ N/A          │
│  75 │ daniel hartmann      │                  3 │                      3 │ 00:27:22         │ 00:26:48        │ N/A          │ N/A          │ N/A          │
│  76 │                      │                  0 │                      0 │ N/A              │ 00:36:32        │ N/A          │ N/A          │ N/A          │
│  77 │                      │                  0 │                      0 │ N/A              │ 00:34:19        │ N/A          │ N/A          │ N/A          │
│  78 │ jim danson           │                  8 │                      4 │ 00:28:22         │ 00:30:45        │ N/A          │ N/A          │ N/A          │
│  79 │ james hickson        │                  1 │                      0 │ 00:34:11         │ 00:31:54        │ N/A          │ N/A          │ N/A          │
│  80 │ will carter          │                  3 │                      6 │ 00:24:03         │ 00:25:15        │ N/A          │ N/A          │ N/A          │
│  81 │ ian stinson          │                 13 │                      5 │ 00:28:60         │ 00:29:30        │ N/A          │ N/A          │ N/A          │
│  82 │ joel paisley         │                  6 │                      1 │ 00:26:27         │ N/A             │ N/A          │ N/A          │ N/A          │
│  83 │ ben burrell          │                  4 │                      7 │ 00:25:51         │ 00:26:54        │ N/A          │ N/A          │ N/A          │
│  84 │ ellie crownshaw      │                  9 │                      2 │ 00:29:26         │ 00:31:33        │ N/A          │ N/A          │ N/A          │
│  85 │                      │                  0 │                      0 │ N/A              │ 00:26:26        │ N/A          │ N/A          │ N/A          │
│  86 │ steve sansom         │                  6 │                      3 │ 00:31:48         │ 00:30:45        │ N/A          │ N/A          │ N/A          │
│  87 │ rachel rose          │                 18 │                      9 │ 00:28:06         │ 00:28:59        │ N/A          │ N/A          │ N/A          │
│  88 │ mark gamsu           │                 23 │                      4 │ 00:32:11         │ 00:38:25        │ N/A          │ N/A          │ N/A          │
│  89 │ maddie stewart       │                  2 │                      0 │ 00:32:54         │ 00:33:09        │ N/A          │ N/A          │ N/A          │
│  90 │ Jordan Weddepohl     │                  3 │                      2 │ 00:27:57         │ 00:27:47        │ N/A          │ N/A          │ N/A          │
│  91 │ edward cieslik       │                  1 │                      0 │ 00:27:09         │ 00:26:15        │ N/A          │ N/A          │ N/A          │
│  92 │ alison griffiths     │                  6 │                      3 │ 00:30:36         │ 00:32:16        │ N/A          │ N/A          │ N/A          │
│  93 │ chris horsfall       │                 27 │                      4 │ 00:32:49         │ 00:34:05        │ N/A          │ N/A          │ N/A          │
│  94 │ ben jones            │                  5 │                      6 │ 00:25:03         │ 00:26:15        │ N/A          │ N/A          │ N/A          │
│  95 │ simon rayner         │                 16 │                      2 │ 00:29:45         │ 00:28:52        │ N/A          │ N/A          │ N/A          │
│  96 │ kevin doyle          │                  9 │                      5 │ 00:26:03         │ 00:29:48        │ N/A          │ N/A          │ N/A          │
│  97 │ andy waterhouse      │                  1 │                      0 │ 00:27:09         │ 00:25:35        │ N/A          │ N/A          │ N/A          │
│  98 │ george yates         │                  6 │                      0 │ 00:29:34         │ 00:29:30        │ N/A          │ N/A          │ N/A          │
│  99 │ Dave Camus           │                  3 │                      0 │ 00:26:50         │ 00:29:30        │ N/A          │ N/A          │ N/A          │
│ 100 │ nicola squires       │                  9 │                      1 │ 00:25:57         │ N/A             │ N/A          │ N/A          │ N/A          │
│ 101 │ hugh woolacott       │                  2 │                      0 │ 00:27:41         │ 00:27:34        │ N/A          │ N/A          │ N/A          │
╰─────┴──────────────────────┴────────────────────┴────────────────────────┴──────────────────┴─────────────────┴──────────────┴──────────────┴──────────────╯
2026-01-19 18:22:00.727 | INFO     | __main__:print_chase_data:111 - ╭────┬─────────────────┬─────────────────────╮
│    │ Date_of_Chase   │   Number_of_Runners │
├────┼─────────────────┼─────────────────────┤
│  0 │ 2017-05-30      │                  73 │
│  1 │ 2018-05-31      │                  58 │
│  2 │ 2019-05-30      │                  63 │
│  3 │ 2021-06-01      │                  59 │
│  4 │ 2022-05-31      │                  57 │
│  5 │ 2023-05-30      │                  62 │
│  6 │ 2024-05-31      │                  84 │
╰────┴─────────────────┴─────────────────────╯
2026-01-19 18:22:00.727 | INFO     | __main__:print_chase_data:111 - ╭────┬─────────────────┬─────────────────────╮
│    │ Date_of_Chase   │   Number_of_Runners │
├────┼─────────────────┼─────────────────────┤
│  0 │ 2017-05-30      │                  73 │
│  1 │ 2018-05-31      │                  58 │
│  2 │ 2019-05-30      │                  63 │
│  3 │ 2021-06-01      │                  59 │
│  4 │ 2022-05-31      │                  57 │
│  5 │ 2023-05-30      │                  62 │
│  6 │ 2024-05-31      │                  84 │
╰────┴─────────────────┴─────────────────────╯
2026-01-19 18:47:43.048 | INFO     | __main__:print_chase_data:111 - ╭────┬─────────────────┬─────────────────────╮
│    │ Date_of_Chase   │   Number_of_Runners │
├────┼─────────────────┼─────────────────────┤
│  0 │ 2017-05-30      │                  73 │
│  1 │ 2018-05-31      │                  58 │
│  2 │ 2019-05-30      │                  63 │
│  3 │ 2021-06-01      │                  59 │
│  4 │ 2022-05-31      │                  57 │
│  5 │ 2023-05-30      │                  62 │
│  6 │ 2024-05-31      │                  84 │
╰────┴─────────────────┴─────────────────────╯
2026-01-19 18:47:43.048 | INFO     | __main__:print_chase_data:111 - ╭────┬─────────────────┬─────────────────────╮
│    │ Date_of_Chase   │   Number_of_Runners │
├────┼─────────────────┼─────────────────────┤
│  0 │ 2017-05-30      │                  73 │
│  1 │ 2018-05-31      │                  58 │
│  2 │ 2019-05-30      │                  63 │
│  3 │ 2021-06-01      │                  59 │
│  4 │ 2022-05-31      │                  57 │
│  5 │ 2023-05-30      │                  62 │
│  6 │ 2024-05-31      │                  84 │
╰────┴─────────────────┴─────────────────────╯
2026-01-19 18:53:57.433 | INFO     | __main__:print_chase_data:111 - ╭────┬─────────────────┬─────────────────────╮
│    │ Date_of_Chase   │   Number_of_Runners │
├────┼─────────────────┼─────────────────────┤
│  0 │ 2017-05-30      │                  73 │
│  1 │ 2018-05-31      │                  58 │
│  2 │ 2019-05-30      │                  63 │
│  3 │ 2021-06-01      │                  59 │
│  4 │ 2022-05-31      │                  57 │
│  5 │ 2023-05-30      │                  62 │
│  6 │ 2024-05-31      │                  84 │
│  7 │ 2025-05-25      │                  88 │
╰────┴─────────────────┴─────────────────────╯
2026-01-19 18:53:57.433 | INFO     | __main__:print_chase_data:111 - ╭────┬─────────────────┬─────────────────────╮
│    │ Date_of_Chase   │   Number_of_Runners │
├────┼─────────────────┼─────────────────────┤
│  0 │ 2017-05-30      │                  73 │
│  1 │ 2018-05-31      │                  58 │
│  2 │ 2019-05-30      │                  63 │
│  3 │ 2021-06-01      │                  59 │
│  4 │ 2022-05-31      │                  57 │
│  5 │ 2023-05-30      │                  62 │
│  6 │ 2024-05-31      │                  84 │
│  7 │ 2025-05-25      │                  88 │
╰────┴─────────────────┴─────────────────────╯
