{"Bamford Carnival":[1.0417174494,0.1686189463],"Exterminator":[0.8522917622,-0.2038356537],"Grindleford":[0.9634963222,0.3331158704],"Hathersage Gala":[0.9009111951,-0.0164340678],"Hope Wakes":[0.8057609395,-0.1410561013],"PR_Endcliffe":[1.1473386596,1.2048390038],"PR_Hillsborough":[1.1958385426,1.192590807],"Percy Pud":[1.2182040745,1.0556313957],"Sheffield Half Marathon":[0.9339513124,0.7973119108],"Tiger's Trail":[0.8937656577,0.1214491867],"Tigger Tor":[0.8098441594,-0.2323723684],"Totley Moor":[0.923845147,-0.0480950431],"Wolf's Pit":[0.9302246855,-0.1385824643]}