{"Bamford Carnival":[0.9645499706,0.1034567383],"Exterminator":[0.767424906,-0.205945914],"Grindleford":[0.9634963222,0.3331158704],"Hathersage Gala":[0.8933034197,-0.0757159977],"Hope Wakes":[0.9318174318,-0.2677707206],"PR_Endcliffe":[1.2892577528,1.2386100601],"PR_Hillsborough":[1.3947886044,1.568792109],"Percy Pud":[1.1852422401,1.0176791547],"Sheffield Half Marathon":[1.0294073107,0.9899944298],"Tiger's Trail":[1.0663982615,0.0324862837],"Tigger Tor":[0.7796610795,-0.1714027994],"Totley Moor":[0.8979148305,-0.07326144],"Wolf's Pit":[0.9302246855,-0.1385824643]}