{"Bamford Carnival":[[0.0023396875,0.0010365925],[0.0010365925,0.0020473585]],"Exterminator":[[0.0121510221,0.0058031503],[0.0058031503,0.0102238575]],"Grindleford":[[0.0019415723,0.0008458027],[0.0008458027,0.0028797335]],"Hathersage Gala":[[0.0034790094,-0.0004297143],[-0.0004297143,0.0033467544]],"Hope Wakes":[[0.0037901952,-0.0016019706],[-0.0016019706,0.0035605221]],"PR_Endcliffe":[[0.0050540063,0.0054983798],[0.0054983798,0.0083424751]],"PR_Hillsborough":[[0.0027990146,0.0033585562],[0.0033585562,0.0053518987]],"Percy Pud":[[0.0024294547,0.0024213403],[0.0024213403,0.0037752394]],"Sheffield Half Marathon":[[0.0027791104,0.0028172048],[0.0028172048,0.0046913957]],"Tiger's Trail":[[0.0020156538,0.0000910457],[0.0000910457,0.0010707331]],"Tigger Tor":[[0.0014541602,0.0004611832],[0.0004611832,0.0012593074]],"Totley Moor":[[0.0007054973,0.0001668753],[0.0001668753,0.0005437062]],"Wolf's Pit":[[0.0041838108,-0.0002761356],[-0.0002761356,0.0028490955]]}