{"Bamford Carnival":[[0.0029478801,0.0013752562],[0.0013752562,0.0024054652]],"Exterminator":[[0.0149182373,0.0054405551],[0.0054405551,0.009424376]],"Grindleford":[[0.0019415723,0.0008458027],[0.0008458027,0.0028797335]],"Hathersage Gala":[[0.0040931425,-0.0006088393],[-0.0006088393,0.003983085]],"Hope Wakes":[[0.0031360115,-0.0015707109],[-0.0015707109,0.0026197666]],"PR_Endcliffe":[[0.0031286531,0.0034284928],[0.0034284928,0.0056438402]],"PR_Hillsborough":[[0.0024139702,0.0027124171],[0.0027124171,0.0043843754]],"Percy Pud":[[0.0025516122,0.0025932846],[0.0025932846,0.0039461059]],"Sheffield Half Marathon":[[0.0019918938,0.0017251176],[0.0017251176,0.0031803713]],"Tiger's Trail":[[0.0012178511,0.0002394678],[0.0002394678,0.0010352626]],"Tigger Tor":[[0.0015050634,0.0005432869],[0.0005432869,0.0013258891]],"Totley Moor":[[0.000641643,0.0001879053],[0.0001879053,0.0004750061]],"Wolf's Pit":[[0.0041838108,-0.0002761356],[-0.0002761356,0.0028490955]]}